/*
SQLyog Community
MySQL - 8.0.30 : Database - dms
*********************************************************************
*/

/*!40101 SET NAMES utf8 */;

/*!40101 SET SQL_MODE=''*/;

/*!40014 SET @OLD_UNIQUE_CHECKS=@@UNIQUE_CHECKS, UNIQUE_CHECKS=0 */;
/*!40014 SET @OLD_FOREIGN_KEY_CHECKS=@@FOREIGN_KEY_CHECKS, FOREIGN_KEY_CHECKS=0 */;
/*!40101 SET @OLD_SQL_MODE=@@SQL_MODE, SQL_MODE='NO_AUTO_VALUE_ON_ZERO' */;
/*!40111 SET @OLD_SQL_NOTES=@@SQL_NOTES, SQL_NOTES=0 */;
CREATE DATABASE /*!32312 IF NOT EXISTS*/`dms` /*!40100 DEFAULT CHARACTER SET utf8mb3 */ /*!80016 DEFAULT ENCRYPTION='N' */;

USE `dms`;

/*Table structure for table `blogs` */

CREATE TABLE `blogs` (
  `id` bigint unsigned NOT NULL AUTO_INCREMENT,
  `judul` varchar(255) COLLATE utf8mb4_unicode_ci NOT NULL,
  `slug` varchar(255) COLLATE utf8mb4_unicode_ci NOT NULL,
  `desc` text COLLATE utf8mb4_unicode_ci NOT NULL,
  `image` varchar(255) COLLATE utf8mb4_unicode_ci NOT NULL,
  `created_at` timestamp NULL DEFAULT NULL,
  `updated_at` timestamp NULL DEFAULT NULL,
  PRIMARY KEY (`id`),
  UNIQUE KEY `blogs_slug_unique` (`slug`)
) ENGINE=InnoDB DEFAULT CHARSET=utf8mb4 COLLATE=utf8mb4_unicode_ci;

/*Data for the table `blogs` */

/*Table structure for table `categories` */

CREATE TABLE `categories` (
  `id` bigint unsigned NOT NULL AUTO_INCREMENT,
  `name` varchar(255) COLLATE utf8mb4_unicode_ci NOT NULL,
  `description` varchar(255) COLLATE utf8mb4_unicode_ci NOT NULL,
  `image` varchar(255) COLLATE utf8mb4_unicode_ci NOT NULL,
  `created_at` timestamp NULL DEFAULT NULL,
  `updated_at` timestamp NULL DEFAULT NULL,
  PRIMARY KEY (`id`)
) ENGINE=InnoDB AUTO_INCREMENT=7 DEFAULT CHARSET=utf8mb4 COLLATE=utf8mb4_unicode_ci;

/*Data for the table `categories` */

insert  into `categories`(`id`,`name`,`description`,`image`,`created_at`,`updated_at`) values (1,'Nasi goreng','*Jenis - Jenis Nasi Goreng*','public/categories/nsFIoxS5hkiOF3atxcB05IIWSAnQmTTPdTnaowpy.jpg','2025-06-20 07:23:59','2025-06-20 07:23:59'),(2,'Minuman','Jenis -Jenis Minuman','public/categories/SnyWS7yp5B2XPl8cN2jnhvP1llMVa7UsgH7zVEQy.jpg','2025-06-20 07:26:02','2025-06-20 07:26:02'),(3,'Nasi Kuning','*Jenis -Jenis Nasi Kuning*','public/categories/PN8a0hvcNPw7aUR2AHb2FCGFLiO7fbn3n43OqTpY.jpg','2025-06-20 07:26:53','2025-06-20 07:26:53'),(4,'Makanan','Kategori untuk semua jenis makanan yang tersedia di menu.','makanan.jpg','2025-06-20 12:47:03','2025-06-20 12:47:03'),(5,'Minuman','Kategori untuk semua jenis minuman yang tersedia di menu.','minuman.jpg','2025-06-20 12:47:03','2025-06-20 12:47:03'),(6,'Cemilan','Kategori untuk semua jenis cemilan yang tersedia di menu.','cemilan.jpg','2025-06-20 12:47:03','2025-06-20 12:47:03');

/*Table structure for table `category_menu` */

CREATE TABLE `category_menu` (
  `category_id` bigint unsigned NOT NULL,
  `menu_id` bigint unsigned NOT NULL,
  KEY `category_menu_category_id_foreign` (`category_id`),
  KEY `category_menu_menu_id_foreign` (`menu_id`),
  CONSTRAINT `category_menu_category_id_foreign` FOREIGN KEY (`category_id`) REFERENCES `categories` (`id`),
  CONSTRAINT `category_menu_menu_id_foreign` FOREIGN KEY (`menu_id`) REFERENCES `menus` (`id`)
) ENGINE=InnoDB DEFAULT CHARSET=utf8mb4 COLLATE=utf8mb4_unicode_ci;

/*Data for the table `category_menu` */

/*Table structure for table `data_rekomendasi` */

CREATE TABLE `data_rekomendasi` (
  `id` bigint unsigned NOT NULL AUTO_INCREMENT,
  `cust_uid` varchar(255) COLLATE utf8mb4_unicode_ci NOT NULL,
  `menu_id` varchar(255) COLLATE utf8mb4_unicode_ci NOT NULL,
  PRIMARY KEY (`id`)
) ENGINE=InnoDB AUTO_INCREMENT=3 DEFAULT CHARSET=utf8mb4 COLLATE=utf8mb4_unicode_ci;

/*Data for the table `data_rekomendasi` */

insert  into `data_rekomendasi`(`id`,`cust_uid`,`menu_id`) values (2,'7e949bc9-bbcc-46b2-9099-69b228977673','2,1,3');

/*Table structure for table `failed_jobs` */

CREATE TABLE `failed_jobs` (
  `id` bigint unsigned NOT NULL AUTO_INCREMENT,
  `uuid` varchar(255) COLLATE utf8mb4_unicode_ci NOT NULL,
  `connection` text COLLATE utf8mb4_unicode_ci NOT NULL,
  `queue` text COLLATE utf8mb4_unicode_ci NOT NULL,
  `payload` longtext COLLATE utf8mb4_unicode_ci NOT NULL,
  `exception` longtext COLLATE utf8mb4_unicode_ci NOT NULL,
  `failed_at` timestamp NOT NULL DEFAULT CURRENT_TIMESTAMP,
  PRIMARY KEY (`id`),
  UNIQUE KEY `failed_jobs_uuid_unique` (`uuid`)
) ENGINE=InnoDB DEFAULT CHARSET=utf8mb4 COLLATE=utf8mb4_unicode_ci;

/*Data for the table `failed_jobs` */

/*Table structure for table `item_similarities` */

CREATE TABLE `item_similarities` (
  `menu_id_1` varchar(255) COLLATE utf8mb4_unicode_ci NOT NULL,
  `menu_id_2` varchar(255) COLLATE utf8mb4_unicode_ci NOT NULL,
  `similarity_score` decimal(8,4) NOT NULL,
  `created_at` timestamp NULL DEFAULT NULL,
  `updated_at` timestamp NULL DEFAULT NULL
) ENGINE=InnoDB DEFAULT CHARSET=utf8mb4 COLLATE=utf8mb4_unicode_ci;

/*Data for the table `item_similarities` */

insert  into `item_similarities`(`menu_id_1`,`menu_id_2`,`similarity_score`,`created_at`,`updated_at`) values ('DMSNASI-GORENG-TELOR234','DMSES-JERUK944',1.0000,'2025-06-20 13:52:13','2025-06-20 13:52:13'),('DMSES-JERUK944','DMSNASI-GORENG-TELOR234',1.0000,'2025-06-20 13:52:13','2025-06-20 13:52:13'),('DMSNASI-GORENG-TELOR234','TAX10',1.0000,'2025-06-20 13:52:13','2025-06-20 13:52:13'),('TAX10','DMSNASI-GORENG-TELOR234',1.0000,'2025-06-20 13:52:13','2025-06-20 13:52:13'),('DMSES-JERUK944','TAX10',1.0000,'2025-06-20 13:52:13','2025-06-20 13:52:13'),('TAX10','DMSES-JERUK944',1.0000,'2025-06-20 13:52:13','2025-06-20 13:52:13'),('DMSNASI-GORENG-TELOR234','DMSES-JERUK944',0.7071,'2025-06-21 07:24:28','2025-06-21 07:24:28'),('DMSES-JERUK944','DMSNASI-GORENG-TELOR234',0.7071,'2025-06-21 07:24:29','2025-06-21 07:24:29'),('DMSES-JERUK944','DMSNASI-KUNING-AYAM546',0.7071,'2025-06-21 07:24:29','2025-06-21 07:24:29'),('DMSNASI-KUNING-AYAM546','DMSES-JERUK944',0.7071,'2025-06-21 07:24:29','2025-06-21 07:24:29'),('DMSES-JERUK944','DMSNASI-KUNING-KOMPLIT653',0.7071,'2025-06-21 07:24:29','2025-06-21 07:24:29'),('DMSNASI-KUNING-KOMPLIT653','DMSES-JERUK944',0.7071,'2025-06-21 07:24:29','2025-06-21 07:24:29'),('DMSNASI-KUNING-AYAM546','DMSNASI-KUNING-KOMPLIT653',1.0000,'2025-06-21 07:24:29','2025-06-21 07:24:29'),('DMSNASI-KUNING-KOMPLIT653','DMSNASI-KUNING-AYAM546',1.0000,'2025-06-21 07:24:29','2025-06-21 07:24:29'),('DMSNASI-GORENG-TELOR234','DMSES-JERUK944',0.8660,'2025-06-21 07:39:19','2025-06-21 07:39:19'),('DMSES-JERUK944','DMSNASI-GORENG-TELOR234',0.8660,'2025-06-21 07:39:19','2025-06-21 07:39:19'),('DMSNASI-GORENG-TELOR234','DMSNASI-KUNING-KOMPLIT653',0.4082,'2025-06-21 07:39:19','2025-06-21 07:39:19'),('DMSNASI-KUNING-KOMPLIT653','DMSNASI-GORENG-TELOR234',0.4082,'2025-06-21 07:39:19','2025-06-21 07:39:19'),('DMSES-JERUK944','DMSNASI-KUNING-AYAM546',0.5000,'2025-06-21 07:39:19','2025-06-21 07:39:19'),('DMSNASI-KUNING-AYAM546','DMSES-JERUK944',0.5000,'2025-06-21 07:39:19','2025-06-21 07:39:19'),('DMSES-JERUK944','DMSNASI-KUNING-KOMPLIT653',0.7071,'2025-06-21 07:39:19','2025-06-21 07:39:19'),('DMSNASI-KUNING-KOMPLIT653','DMSES-JERUK944',0.7071,'2025-06-21 07:39:19','2025-06-21 07:39:19'),('DMSNASI-KUNING-AYAM546','DMSNASI-KUNING-KOMPLIT653',0.7071,'2025-06-21 07:39:19','2025-06-21 07:39:19'),('DMSNASI-KUNING-KOMPLIT653','DMSNASI-KUNING-AYAM546',0.7071,'2025-06-21 07:39:19','2025-06-21 07:39:19'),('DMSNASI-GORENG-TELOR234','DMSES-JERUK944',0.8944,'2025-06-21 07:43:03','2025-06-21 07:43:03'),('DMSES-JERUK944','DMSNASI-GORENG-TELOR234',0.8944,'2025-06-21 07:43:03','2025-06-21 07:43:03'),('DMSNASI-GORENG-TELOR234','DMSNASI-KUNING-KOMPLIT653',0.5774,'2025-06-21 07:43:03','2025-06-21 07:43:03'),('DMSNASI-KUNING-KOMPLIT653','DMSNASI-GORENG-TELOR234',0.5774,'2025-06-21 07:43:03','2025-06-21 07:43:03'),('DMSNASI-GORENG-TELOR234','DMSNASI-KUNING-TELOR-BULET733',0.5000,'2025-06-21 07:43:03','2025-06-21 07:43:03'),('DMSNASI-KUNING-TELOR-BULET733','DMSNASI-GORENG-TELOR234',0.5000,'2025-06-21 07:43:03','2025-06-21 07:43:03'),('DMSNASI-GORENG-TELOR234','DMSES-KUWUT-MELON405',0.5000,'2025-06-21 07:43:03','2025-06-21 07:43:03'),('DMSES-KUWUT-MELON405','DMSNASI-GORENG-TELOR234',0.5000,'2025-06-21 07:43:03','2025-06-21 07:43:03'),('DMSES-JERUK944','DMSNASI-KUNING-AYAM546',0.4472,'2025-06-21 07:43:03','2025-06-21 07:43:03'),('DMSNASI-KUNING-AYAM546','DMSES-JERUK944',0.4472,'2025-06-21 07:43:03','2025-06-21 07:43:03'),('DMSES-JERUK944','DMSNASI-KUNING-KOMPLIT653',0.7746,'2025-06-21 07:43:03','2025-06-21 07:43:03'),('DMSNASI-KUNING-KOMPLIT653','DMSES-JERUK944',0.7746,'2025-06-21 07:43:03','2025-06-21 07:43:03'),('DMSES-JERUK944','DMSNASI-KUNING-TELOR-BULET733',0.4472,'2025-06-21 07:43:03','2025-06-21 07:43:03'),('DMSNASI-KUNING-TELOR-BULET733','DMSES-JERUK944',0.4472,'2025-06-21 07:43:03','2025-06-21 07:43:03'),('DMSES-JERUK944','DMSES-KUWUT-MELON405',0.4472,'2025-06-21 07:43:03','2025-06-21 07:43:03'),('DMSES-KUWUT-MELON405','DMSES-JERUK944',0.4472,'2025-06-21 07:43:03','2025-06-21 07:43:03'),('DMSNASI-KUNING-AYAM546','DMSNASI-KUNING-KOMPLIT653',0.5774,'2025-06-21 07:43:03','2025-06-21 07:43:03'),('DMSNASI-KUNING-KOMPLIT653','DMSNASI-KUNING-AYAM546',0.5774,'2025-06-21 07:43:03','2025-06-21 07:43:03'),('DMSNASI-KUNING-KOMPLIT653','DMSNASI-KUNING-TELOR-BULET733',0.5774,'2025-06-21 07:43:03','2025-06-21 07:43:03'),('DMSNASI-KUNING-TELOR-BULET733','DMSNASI-KUNING-KOMPLIT653',0.5774,'2025-06-21 07:43:03','2025-06-21 07:43:03'),('DMSNASI-KUNING-KOMPLIT653','DMSES-KUWUT-MELON405',0.5774,'2025-06-21 07:43:03','2025-06-21 07:43:03'),('DMSES-KUWUT-MELON405','DMSNASI-KUNING-KOMPLIT653',0.5774,'2025-06-21 07:43:03','2025-06-21 07:43:03'),('DMSNASI-KUNING-TELOR-BULET733','DMSES-KUWUT-MELON405',1.0000,'2025-06-21 07:43:03','2025-06-21 07:43:03'),('DMSES-KUWUT-MELON405','DMSNASI-KUNING-TELOR-BULET733',1.0000,'2025-06-21 07:43:03','2025-06-21 07:43:03'),('DMSNASI-GORENG-TELOR234','DMSES-JERUK944',0.9354,'2025-06-21 09:52:38','2025-06-21 09:52:38'),('DMSES-JERUK944','DMSNASI-GORENG-TELOR234',0.9354,'2025-06-21 09:52:38','2025-06-21 09:52:38'),('DMSNASI-GORENG-TELOR234','DMSNASI-KUNING-KOMPLIT653',0.4364,'2025-06-21 09:52:38','2025-06-21 09:52:38'),('DMSNASI-KUNING-KOMPLIT653','DMSNASI-GORENG-TELOR234',0.4364,'2025-06-21 09:52:38','2025-06-21 09:52:38'),('DMSNASI-GORENG-TELOR234','DMSNASI-KUNING-TELOR-BULET733',0.3780,'2025-06-21 09:52:38','2025-06-21 09:52:38'),('DMSNASI-KUNING-TELOR-BULET733','DMSNASI-GORENG-TELOR234',0.3780,'2025-06-21 09:52:38','2025-06-21 09:52:38'),('DMSNASI-GORENG-TELOR234','DMSES-KUWUT-MELON405',0.3780,'2025-06-21 09:52:38','2025-06-21 09:52:38'),('DMSES-KUWUT-MELON405','DMSNASI-GORENG-TELOR234',0.3780,'2025-06-21 09:52:38','2025-06-21 09:52:38'),('DMSES-JERUK944','DMSNASI-KUNING-AYAM546',0.3536,'2025-06-21 09:52:38','2025-06-21 09:52:38'),('DMSNASI-KUNING-AYAM546','DMSES-JERUK944',0.3536,'2025-06-21 09:52:38','2025-06-21 09:52:38'),('DMSES-JERUK944','DMSNASI-KUNING-KOMPLIT653',0.6124,'2025-06-21 09:52:38','2025-06-21 09:52:38'),('DMSNASI-KUNING-KOMPLIT653','DMSES-JERUK944',0.6124,'2025-06-21 09:52:38','2025-06-21 09:52:38'),('DMSES-JERUK944','DMSNASI-KUNING-TELOR-BULET733',0.3536,'2025-06-21 09:52:38','2025-06-21 09:52:38'),('DMSNASI-KUNING-TELOR-BULET733','DMSES-JERUK944',0.3536,'2025-06-21 09:52:38','2025-06-21 09:52:38'),('DMSES-JERUK944','DMSES-KUWUT-MELON405',0.3536,'2025-06-21 09:52:38','2025-06-21 09:52:38'),('DMSES-KUWUT-MELON405','DMSES-JERUK944',0.3536,'2025-06-21 09:52:38','2025-06-21 09:52:38'),('DMSNASI-KUNING-AYAM546','DMSNASI-KUNING-KOMPLIT653',0.5774,'2025-06-21 09:52:38','2025-06-21 09:52:38'),('DMSNASI-KUNING-KOMPLIT653','DMSNASI-KUNING-AYAM546',0.5774,'2025-06-21 09:52:38','2025-06-21 09:52:38'),('DMSNASI-KUNING-KOMPLIT653','DMSNASI-KUNING-TELOR-BULET733',0.5774,'2025-06-21 09:52:38','2025-06-21 09:52:38'),('DMSNASI-KUNING-TELOR-BULET733','DMSNASI-KUNING-KOMPLIT653',0.5774,'2025-06-21 09:52:38','2025-06-21 09:52:38'),('DMSNASI-KUNING-KOMPLIT653','DMSES-KUWUT-MELON405',0.5774,'2025-06-21 09:52:38','2025-06-21 09:52:38'),('DMSES-KUWUT-MELON405','DMSNASI-KUNING-KOMPLIT653',0.5774,'2025-06-21 09:52:38','2025-06-21 09:52:38'),('DMSNASI-KUNING-TELOR-BULET733','DMSES-KUWUT-MELON405',1.0000,'2025-06-21 09:52:38','2025-06-21 09:52:38'),('DMSES-KUWUT-MELON405','DMSNASI-KUNING-TELOR-BULET733',1.0000,'2025-06-21 09:52:38','2025-06-21 09:52:38'),('DMSNASI-GORENG-TELOR234','DMSNASI-KUNING-AYAM546',0.7500,'2025-06-21 16:56:18','2025-06-21 16:56:18'),('DMSNASI-KUNING-AYAM546','DMSNASI-KUNING-KOMPLIT653',0.8000,'2025-06-21 16:56:18','2025-06-21 16:56:18'),('DMSNASI-GORENG-TELOR234','DMSNASI-KUNING-KOMPLIT653',0.6500,'2025-06-21 16:56:18','2025-06-21 16:56:18'),('DMSNASI-GORENG-TELOR234','DMSNASI-KUNING-AYAM546',0.7500,'2025-06-21 16:56:49','2025-06-21 16:56:49'),('DMSNASI-KUNING-AYAM546','DMSNASI-KUNING-KOMPLIT653',0.8000,'2025-06-21 16:56:49','2025-06-21 16:56:49'),('DMSNASI-GORENG-TELOR234','DMSNASI-KUNING-KOMPLIT653',0.6500,'2025-06-21 16:56:49','2025-06-21 16:56:49'),('DMSNASI-GORENG-TELOR234','DMSES-JERUK944',0.8750,'2025-06-21 09:58:17','2025-06-21 09:58:17'),('DMSES-JERUK944','DMSNASI-GORENG-TELOR234',0.8750,'2025-06-21 09:58:17','2025-06-21 09:58:17'),('DMSNASI-GORENG-TELOR234','DMSNASI-KUNING-KOMPLIT653',0.4082,'2025-06-21 09:58:17','2025-06-21 09:58:17'),('DMSNASI-KUNING-KOMPLIT653','DMSNASI-GORENG-TELOR234',0.4082,'2025-06-21 09:58:17','2025-06-21 09:58:17'),('DMSNASI-GORENG-TELOR234','DMSNASI-KUNING-TELOR-BULET733',0.3536,'2025-06-21 09:58:17','2025-06-21 09:58:17'),('DMSNASI-KUNING-TELOR-BULET733','DMSNASI-GORENG-TELOR234',0.3536,'2025-06-21 09:58:17','2025-06-21 09:58:17'),('DMSNASI-GORENG-TELOR234','DMSES-KUWUT-MELON405',0.5000,'2025-06-21 09:58:17','2025-06-21 09:58:17'),('DMSES-KUWUT-MELON405','DMSNASI-GORENG-TELOR234',0.5000,'2025-06-21 09:58:17','2025-06-21 09:58:17'),('DMSES-JERUK944','DMSNASI-KUNING-AYAM546',0.3536,'2025-06-21 09:58:17','2025-06-21 09:58:17'),('DMSNASI-KUNING-AYAM546','DMSES-JERUK944',0.3536,'2025-06-21 09:58:17','2025-06-21 09:58:17'),('DMSES-JERUK944','DMSNASI-KUNING-KOMPLIT653',0.6124,'2025-06-21 09:58:17','2025-06-21 09:58:17'),('DMSNASI-KUNING-KOMPLIT653','DMSES-JERUK944',0.6124,'2025-06-21 09:58:17','2025-06-21 09:58:17'),('DMSES-JERUK944','DMSNASI-KUNING-TELOR-BULET733',0.3536,'2025-06-21 09:58:17','2025-06-21 09:58:17'),('DMSNASI-KUNING-TELOR-BULET733','DMSES-JERUK944',0.3536,'2025-06-21 09:58:17','2025-06-21 09:58:17'),('DMSES-JERUK944','DMSES-KUWUT-MELON405',0.2500,'2025-06-21 09:58:17','2025-06-21 09:58:17'),('DMSES-KUWUT-MELON405','DMSES-JERUK944',0.2500,'2025-06-21 09:58:17','2025-06-21 09:58:17'),('DMSNASI-KUNING-AYAM546','DMSNASI-KUNING-KOMPLIT653',0.5774,'2025-06-21 09:58:17','2025-06-21 09:58:17'),('DMSNASI-KUNING-KOMPLIT653','DMSNASI-KUNING-AYAM546',0.5774,'2025-06-21 09:58:17','2025-06-21 09:58:17'),('DMSNASI-KUNING-KOMPLIT653','DMSNASI-KUNING-TELOR-BULET733',0.5774,'2025-06-21 09:58:17','2025-06-21 09:58:17'),('DMSNASI-KUNING-TELOR-BULET733','DMSNASI-KUNING-KOMPLIT653',0.5774,'2025-06-21 09:58:17','2025-06-21 09:58:17'),('DMSNASI-KUNING-KOMPLIT653','DMSES-KUWUT-MELON405',0.4082,'2025-06-21 09:58:17','2025-06-21 09:58:17'),('DMSES-KUWUT-MELON405','DMSNASI-KUNING-KOMPLIT653',0.4082,'2025-06-21 09:58:17','2025-06-21 09:58:17'),('DMSNASI-KUNING-TELOR-BULET733','DMSES-KUWUT-MELON405',0.7071,'2025-06-21 09:58:17','2025-06-21 09:58:17'),('DMSES-KUWUT-MELON405','DMSNASI-KUNING-TELOR-BULET733',0.7071,'2025-06-21 09:58:17','2025-06-21 09:58:17'),('DMSNASI-GORENG-TELOR234','DMSES-JERUK944',0.8750,'2025-06-22 03:26:39','2025-06-22 03:26:39'),('DMSES-JERUK944','DMSNASI-GORENG-TELOR234',0.8750,'2025-06-22 03:26:39','2025-06-22 03:26:39'),('DMSNASI-GORENG-TELOR234','DMSNASI-KUNING-KOMPLIT653',0.4082,'2025-06-22 03:26:39','2025-06-22 03:26:39'),('DMSNASI-KUNING-KOMPLIT653','DMSNASI-GORENG-TELOR234',0.4082,'2025-06-22 03:26:39','2025-06-22 03:26:39'),('DMSNASI-GORENG-TELOR234','DMSNASI-KUNING-TELOR-BULET733',0.3536,'2025-06-22 03:26:39','2025-06-22 03:26:39'),('DMSNASI-KUNING-TELOR-BULET733','DMSNASI-GORENG-TELOR234',0.3536,'2025-06-22 03:26:39','2025-06-22 03:26:39'),('DMSNASI-GORENG-TELOR234','DMSES-KUWUT-MELON405',0.5000,'2025-06-22 03:26:39','2025-06-22 03:26:39'),('DMSES-KUWUT-MELON405','DMSNASI-GORENG-TELOR234',0.5000,'2025-06-22 03:26:39','2025-06-22 03:26:39'),('DMSES-JERUK944','DMSNASI-KUNING-AYAM546',0.3536,'2025-06-22 03:26:39','2025-06-22 03:26:39'),('DMSNASI-KUNING-AYAM546','DMSES-JERUK944',0.3536,'2025-06-22 03:26:39','2025-06-22 03:26:39'),('DMSES-JERUK944','DMSNASI-KUNING-KOMPLIT653',0.6124,'2025-06-22 03:26:39','2025-06-22 03:26:39'),('DMSNASI-KUNING-KOMPLIT653','DMSES-JERUK944',0.6124,'2025-06-22 03:26:39','2025-06-22 03:26:39'),('DMSES-JERUK944','DMSNASI-KUNING-TELOR-BULET733',0.3536,'2025-06-22 03:26:39','2025-06-22 03:26:39'),('DMSNASI-KUNING-TELOR-BULET733','DMSES-JERUK944',0.3536,'2025-06-22 03:26:39','2025-06-22 03:26:39'),('DMSES-JERUK944','DMSES-KUWUT-MELON405',0.2500,'2025-06-22 03:26:39','2025-06-22 03:26:39'),('DMSES-KUWUT-MELON405','DMSES-JERUK944',0.2500,'2025-06-22 03:26:39','2025-06-22 03:26:39'),('DMSNASI-KUNING-AYAM546','DMSNASI-KUNING-KOMPLIT653',0.5774,'2025-06-22 03:26:39','2025-06-22 03:26:39'),('DMSNASI-KUNING-KOMPLIT653','DMSNASI-KUNING-AYAM546',0.5774,'2025-06-22 03:26:39','2025-06-22 03:26:39'),('DMSNASI-KUNING-KOMPLIT653','DMSNASI-KUNING-TELOR-BULET733',0.5774,'2025-06-22 03:26:39','2025-06-22 03:26:39'),('DMSNASI-KUNING-TELOR-BULET733','DMSNASI-KUNING-KOMPLIT653',0.5774,'2025-06-22 03:26:39','2025-06-22 03:26:39'),('DMSNASI-KUNING-KOMPLIT653','DMSES-KUWUT-MELON405',0.4082,'2025-06-22 03:26:39','2025-06-22 03:26:39'),('DMSES-KUWUT-MELON405','DMSNASI-KUNING-KOMPLIT653',0.4082,'2025-06-22 03:26:39','2025-06-22 03:26:39'),('DMSNASI-KUNING-TELOR-BULET733','DMSES-KUWUT-MELON405',0.7071,'2025-06-22 03:26:39','2025-06-22 03:26:39'),('DMSES-KUWUT-MELON405','DMSNASI-KUNING-TELOR-BULET733',0.7071,'2025-06-22 03:26:39','2025-06-22 03:26:39'),('DMSNASI-GORENG-TELOR234','DMSES-JERUK944',0.7826,'2025-06-22 04:09:35','2025-06-22 04:09:35'),('DMSES-JERUK944','DMSNASI-GORENG-TELOR234',0.7826,'2025-06-22 04:09:35','2025-06-22 04:09:35'),('DMSNASI-GORENG-TELOR234','DMSNASI-KUNING-KOMPLIT653',0.3651,'2025-06-22 04:09:35','2025-06-22 04:09:35'),('DMSNASI-KUNING-KOMPLIT653','DMSNASI-GORENG-TELOR234',0.3651,'2025-06-22 04:09:35','2025-06-22 04:09:35'),('DMSNASI-GORENG-TELOR234','DMSNASI-KUNING-TELOR-BULET733',0.3162,'2025-06-22 04:09:35','2025-06-22 04:09:35'),('DMSNASI-KUNING-TELOR-BULET733','DMSNASI-GORENG-TELOR234',0.3162,'2025-06-22 04:09:35','2025-06-22 04:09:35'),('DMSNASI-GORENG-TELOR234','DMSES-KUWUT-MELON405',0.6325,'2025-06-22 04:09:35','2025-06-22 04:09:35'),('DMSES-KUWUT-MELON405','DMSNASI-GORENG-TELOR234',0.6325,'2025-06-22 04:09:35','2025-06-22 04:09:35'),('DMSES-JERUK944','DMSNASI-KUNING-AYAM546',0.3536,'2025-06-22 04:09:35','2025-06-22 04:09:35'),('DMSNASI-KUNING-AYAM546','DMSES-JERUK944',0.3536,'2025-06-22 04:09:35','2025-06-22 04:09:35'),('DMSES-JERUK944','DMSNASI-KUNING-KOMPLIT653',0.6124,'2025-06-22 04:09:35','2025-06-22 04:09:35'),('DMSNASI-KUNING-KOMPLIT653','DMSES-JERUK944',0.6124,'2025-06-22 04:09:35','2025-06-22 04:09:35'),('DMSES-JERUK944','DMSNASI-KUNING-TELOR-BULET733',0.3536,'2025-06-22 04:09:35','2025-06-22 04:09:35'),('DMSNASI-KUNING-TELOR-BULET733','DMSES-JERUK944',0.3536,'2025-06-22 04:09:35','2025-06-22 04:09:35'),('DMSES-JERUK944','DMSES-KUWUT-MELON405',0.1768,'2025-06-22 04:09:35','2025-06-22 04:09:35'),('DMSES-KUWUT-MELON405','DMSES-JERUK944',0.1768,'2025-06-22 04:09:35','2025-06-22 04:09:35'),('DMSNASI-KUNING-AYAM546','DMSNASI-KUNING-KOMPLIT653',0.5774,'2025-06-22 04:09:35','2025-06-22 04:09:35'),('DMSNASI-KUNING-KOMPLIT653','DMSNASI-KUNING-AYAM546',0.5774,'2025-06-22 04:09:35','2025-06-22 04:09:35'),('DMSNASI-KUNING-KOMPLIT653','DMSNASI-KUNING-TELOR-BULET733',0.5774,'2025-06-22 04:09:35','2025-06-22 04:09:35'),('DMSNASI-KUNING-TELOR-BULET733','DMSNASI-KUNING-KOMPLIT653',0.5774,'2025-06-22 04:09:35','2025-06-22 04:09:35'),('DMSNASI-KUNING-KOMPLIT653','DMSES-KUWUT-MELON405',0.2887,'2025-06-22 04:09:35','2025-06-22 04:09:35'),('DMSES-KUWUT-MELON405','DMSNASI-KUNING-KOMPLIT653',0.2887,'2025-06-22 04:09:35','2025-06-22 04:09:35'),('DMSNASI-KUNING-TELOR-BULET733','DMSES-KUWUT-MELON405',0.5000,'2025-06-22 04:09:35','2025-06-22 04:09:35'),('DMSES-KUWUT-MELON405','DMSNASI-KUNING-TELOR-BULET733',0.5000,'2025-06-22 04:09:35','2025-06-22 04:09:35'),('DMSNASI-GORENG-TELOR234','DMSES-JERUK944',0.8686,'2025-06-22 05:51:58','2025-06-22 05:51:58'),('DMSES-JERUK944','DMSNASI-GORENG-TELOR234',0.8686,'2025-06-22 05:51:58','2025-06-22 05:51:58'),('DMSNASI-GORENG-TELOR234','DMSNASI-KUNING-KOMPLIT653',0.2887,'2025-06-22 05:51:58','2025-06-22 05:51:58'),('DMSNASI-KUNING-KOMPLIT653','DMSNASI-GORENG-TELOR234',0.2887,'2025-06-22 05:51:58','2025-06-22 05:51:58'),('DMSNASI-GORENG-TELOR234','DMSNASI-KUNING-TELOR-BULET733',0.2500,'2025-06-22 05:51:58','2025-06-22 05:51:58'),('DMSNASI-KUNING-TELOR-BULET733','DMSNASI-GORENG-TELOR234',0.2500,'2025-06-22 05:51:58','2025-06-22 05:51:58'),('DMSNASI-GORENG-TELOR234','DMSES-KUWUT-MELON405',0.5000,'2025-06-22 05:51:58','2025-06-22 05:51:58'),('DMSES-KUWUT-MELON405','DMSNASI-GORENG-TELOR234',0.5000,'2025-06-22 05:51:58','2025-06-22 05:51:58'),('DMSES-JERUK944','DMSNASI-KUNING-AYAM546',0.2673,'2025-06-22 05:51:58','2025-06-22 05:51:58'),('DMSNASI-KUNING-AYAM546','DMSES-JERUK944',0.2673,'2025-06-22 05:51:58','2025-06-22 05:51:58'),('DMSES-JERUK944','DMSNASI-KUNING-KOMPLIT653',0.4629,'2025-06-22 05:51:58','2025-06-22 05:51:58'),('DMSNASI-KUNING-KOMPLIT653','DMSES-JERUK944',0.4629,'2025-06-22 05:51:58','2025-06-22 05:51:58'),('DMSES-JERUK944','DMSNASI-KUNING-TELOR-BULET733',0.2673,'2025-06-22 05:51:58','2025-06-22 05:51:58'),('DMSNASI-KUNING-TELOR-BULET733','DMSES-JERUK944',0.2673,'2025-06-22 05:51:58','2025-06-22 05:51:58'),('DMSES-JERUK944','DMSES-KUWUT-MELON405',0.1336,'2025-06-22 05:51:58','2025-06-22 05:51:58'),('DMSES-KUWUT-MELON405','DMSES-JERUK944',0.1336,'2025-06-22 05:51:58','2025-06-22 05:51:58'),('DMSNASI-KUNING-AYAM546','DMSNASI-KUNING-KOMPLIT653',0.5774,'2025-06-22 05:51:58','2025-06-22 05:51:58'),('DMSNASI-KUNING-KOMPLIT653','DMSNASI-KUNING-AYAM546',0.5774,'2025-06-22 05:51:58','2025-06-22 05:51:58'),('DMSNASI-KUNING-KOMPLIT653','DMSNASI-KUNING-TELOR-BULET733',0.5774,'2025-06-22 05:51:58','2025-06-22 05:51:58'),('DMSNASI-KUNING-TELOR-BULET733','DMSNASI-KUNING-KOMPLIT653',0.5774,'2025-06-22 05:51:58','2025-06-22 05:51:58'),('DMSNASI-KUNING-KOMPLIT653','DMSES-KUWUT-MELON405',0.2887,'2025-06-22 05:51:58','2025-06-22 05:51:58'),('DMSES-KUWUT-MELON405','DMSNASI-KUNING-KOMPLIT653',0.2887,'2025-06-22 05:51:58','2025-06-22 05:51:58'),('DMSNASI-KUNING-TELOR-BULET733','DMSES-KUWUT-MELON405',0.5000,'2025-06-22 05:51:58','2025-06-22 05:51:58'),('DMSES-KUWUT-MELON405','DMSNASI-KUNING-TELOR-BULET733',0.5000,'2025-06-22 05:51:58','2025-06-22 05:51:58'),('DMSNASI-GORENG-TELOR234','DMSES-JERUK944',0.6929,'2025-06-23 04:33:49','2025-06-23 04:33:49'),('DMSES-JERUK944','DMSNASI-GORENG-TELOR234',0.6929,'2025-06-23 04:33:49','2025-06-23 04:33:49'),('DMSNASI-GORENG-TELOR234','DMSNASI-KUNING-KOMPLIT653',0.2860,'2025-06-23 04:33:49','2025-06-23 04:33:49'),('DMSNASI-KUNING-KOMPLIT653','DMSNASI-GORENG-TELOR234',0.2860,'2025-06-23 04:33:49','2025-06-23 04:33:49'),('DMSNASI-GORENG-TELOR234','DMSNASI-KUNING-TELOR-BULET733',0.1231,'2025-06-23 04:33:49','2025-06-23 04:33:49'),('DMSNASI-KUNING-TELOR-BULET733','DMSNASI-GORENG-TELOR234',0.1231,'2025-06-23 04:33:49','2025-06-23 04:33:49'),('DMSNASI-GORENG-TELOR234','DMSES-KUWUT-MELON405',0.4767,'2025-06-23 04:33:49','2025-06-23 04:33:49'),('DMSES-KUWUT-MELON405','DMSNASI-GORENG-TELOR234',0.4767,'2025-06-23 04:33:49','2025-06-23 04:33:49'),('DMSES-JERUK944','DMSNASI-KUNING-AYAM546',0.3536,'2025-06-23 04:33:49','2025-06-23 04:33:49'),('DMSNASI-KUNING-AYAM546','DMSES-JERUK944',0.3536,'2025-06-23 04:33:49','2025-06-23 04:33:49'),('DMSES-JERUK944','DMSNASI-KUNING-KOMPLIT653',0.4472,'2025-06-23 04:33:49','2025-06-23 04:33:49'),('DMSNASI-KUNING-KOMPLIT653','DMSES-JERUK944',0.4472,'2025-06-23 04:33:49','2025-06-23 04:33:49'),('DMSES-JERUK944','DMSNASI-KUNING-TELOR-BULET733',0.2887,'2025-06-23 04:33:49','2025-06-23 04:33:49'),('DMSNASI-KUNING-TELOR-BULET733','DMSES-JERUK944',0.2887,'2025-06-23 04:33:49','2025-06-23 04:33:49'),('DMSES-JERUK944','DMSES-KUWUT-MELON405',0.1118,'2025-06-23 04:33:49','2025-06-23 04:33:49'),('DMSES-KUWUT-MELON405','DMSES-JERUK944',0.1118,'2025-06-23 04:33:49','2025-06-23 04:33:49'),('DMSNASI-KUNING-AYAM546','DMSNASI-KUNING-KOMPLIT653',0.6325,'2025-06-23 04:33:49','2025-06-23 04:33:49'),('DMSNASI-KUNING-KOMPLIT653','DMSNASI-KUNING-AYAM546',0.6325,'2025-06-23 04:33:49','2025-06-23 04:33:49'),('DMSNASI-KUNING-KOMPLIT653','DMSNASI-KUNING-TELOR-BULET733',0.2582,'2025-06-23 04:33:49','2025-06-23 04:33:49'),('DMSNASI-KUNING-TELOR-BULET733','DMSNASI-KUNING-KOMPLIT653',0.2582,'2025-06-23 04:33:49','2025-06-23 04:33:49'),('DMSNASI-KUNING-KOMPLIT653','DMSES-KUWUT-MELON405',0.2000,'2025-06-23 04:33:49','2025-06-23 04:33:49'),('DMSES-KUWUT-MELON405','DMSNASI-KUNING-KOMPLIT653',0.2000,'2025-06-23 04:33:50','2025-06-23 04:33:50'),('DMSNASI-KUNING-TELOR-BULET733','DMSES-KUWUT-MELON405',0.2582,'2025-06-23 04:33:50','2025-06-23 04:33:50'),('DMSES-KUWUT-MELON405','DMSNASI-KUNING-TELOR-BULET733',0.2582,'2025-06-23 04:33:50','2025-06-23 04:33:50'),('DMSNASI-GORENG-TELOR234','DMSES-JERUK944',0.6929,'2025-06-23 09:44:22','2025-06-23 09:44:22'),('DMSES-JERUK944','DMSNASI-GORENG-TELOR234',0.6929,'2025-06-23 09:44:22','2025-06-23 09:44:22'),('DMSNASI-GORENG-TELOR234','DMSNASI-KUNING-KOMPLIT653',0.2860,'2025-06-23 09:44:22','2025-06-23 09:44:22'),('DMSNASI-KUNING-KOMPLIT653','DMSNASI-GORENG-TELOR234',0.2860,'2025-06-23 09:44:22','2025-06-23 09:44:22'),('DMSNASI-GORENG-TELOR234','DMSNASI-KUNING-TELOR-BULET733',0.1231,'2025-06-23 09:44:22','2025-06-23 09:44:22'),('DMSNASI-KUNING-TELOR-BULET733','DMSNASI-GORENG-TELOR234',0.1231,'2025-06-23 09:44:22','2025-06-23 09:44:22'),('DMSNASI-GORENG-TELOR234','DMSES-KUWUT-MELON405',0.4767,'2025-06-23 09:44:22','2025-06-23 09:44:22'),('DMSES-KUWUT-MELON405','DMSNASI-GORENG-TELOR234',0.4767,'2025-06-23 09:44:22','2025-06-23 09:44:22'),('DMSES-JERUK944','DMSNASI-KUNING-AYAM546',0.3536,'2025-06-23 09:44:22','2025-06-23 09:44:22'),('DMSNASI-KUNING-AYAM546','DMSES-JERUK944',0.3536,'2025-06-23 09:44:22','2025-06-23 09:44:22'),('DMSES-JERUK944','DMSNASI-KUNING-KOMPLIT653',0.4472,'2025-06-23 09:44:22','2025-06-23 09:44:22'),('DMSNASI-KUNING-KOMPLIT653','DMSES-JERUK944',0.4472,'2025-06-23 09:44:22','2025-06-23 09:44:22'),('DMSES-JERUK944','DMSNASI-KUNING-TELOR-BULET733',0.2887,'2025-06-23 09:44:22','2025-06-23 09:44:22'),('DMSNASI-KUNING-TELOR-BULET733','DMSES-JERUK944',0.2887,'2025-06-23 09:44:22','2025-06-23 09:44:22'),('DMSES-JERUK944','DMSES-KUWUT-MELON405',0.1118,'2025-06-23 09:44:22','2025-06-23 09:44:22'),('DMSES-KUWUT-MELON405','DMSES-JERUK944',0.1118,'2025-06-23 09:44:22','2025-06-23 09:44:22'),('DMSNASI-KUNING-AYAM546','DMSNASI-KUNING-KOMPLIT653',0.6325,'2025-06-23 09:44:22','2025-06-23 09:44:22'),('DMSNASI-KUNING-KOMPLIT653','DMSNASI-KUNING-AYAM546',0.6325,'2025-06-23 09:44:22','2025-06-23 09:44:22'),('DMSNASI-KUNING-KOMPLIT653','DMSNASI-KUNING-TELOR-BULET733',0.2582,'2025-06-23 09:44:22','2025-06-23 09:44:22'),('DMSNASI-KUNING-TELOR-BULET733','DMSNASI-KUNING-KOMPLIT653',0.2582,'2025-06-23 09:44:22','2025-06-23 09:44:22'),('DMSNASI-KUNING-KOMPLIT653','DMSES-KUWUT-MELON405',0.2000,'2025-06-23 09:44:22','2025-06-23 09:44:22'),('DMSES-KUWUT-MELON405','DMSNASI-KUNING-KOMPLIT653',0.2000,'2025-06-23 09:44:22','2025-06-23 09:44:22'),('DMSNASI-KUNING-TELOR-BULET733','DMSES-KUWUT-MELON405',0.2582,'2025-06-23 09:44:22','2025-06-23 09:44:22'),('DMSES-KUWUT-MELON405','DMSNASI-KUNING-TELOR-BULET733',0.2582,'2025-06-23 09:44:22','2025-06-23 09:44:22');

/*Table structure for table `kokis` */

CREATE TABLE `kokis` (
  `id` bigint unsigned NOT NULL AUTO_INCREMENT,
  `name` varchar(255) COLLATE utf8mb4_unicode_ci NOT NULL,
  `email` varchar(255) COLLATE utf8mb4_unicode_ci NOT NULL,
  `no_hp` varchar(255) COLLATE utf8mb4_unicode_ci NOT NULL,
  `password` varchar(255) COLLATE utf8mb4_unicode_ci NOT NULL,
  `role` varchar(255) COLLATE utf8mb4_unicode_ci NOT NULL DEFAULT 'koki',
  `created_at` timestamp NULL DEFAULT NULL,
  `updated_at` timestamp NULL DEFAULT NULL,
  `status` enum('pending','approved','active','rejected') COLLATE utf8mb4_unicode_ci NOT NULL DEFAULT 'pending',
  PRIMARY KEY (`id`),
  UNIQUE KEY `kokis_email_unique` (`email`)
) ENGINE=InnoDB AUTO_INCREMENT=2 DEFAULT CHARSET=utf8mb4 COLLATE=utf8mb4_unicode_ci;

/*Data for the table `kokis` */

insert  into `kokis`(`id`,`name`,`email`,`no_hp`,`password`,`role`,`created_at`,`updated_at`,`status`) values (1,'ko','ko@gmail.com','0808070989','$2y$10$G/zRb3DKid0j.uFa3ttpk.fpbSPK31DlFDrEFePpByb1/o.Xe9fnu','koki','2025-06-20 07:21:22','2025-06-20 07:21:54','active');

/*Table structure for table `menu_order` */

CREATE TABLE `menu_order` (
  `id` int NOT NULL AUTO_INCREMENT,
  `order_id` bigint unsigned NOT NULL,
  `menu_id` bigint unsigned NOT NULL,
  `quantity` int NOT NULL,
  `price` decimal(10,2) NOT NULL,
  `created_at` timestamp NOT NULL DEFAULT CURRENT_TIMESTAMP,
  `updated_at` timestamp NOT NULL DEFAULT CURRENT_TIMESTAMP ON UPDATE CURRENT_TIMESTAMP,
  PRIMARY KEY (`id`),
  KEY `order_id` (`order_id`),
  KEY `menu_id` (`menu_id`),
  CONSTRAINT `menu_order_ibfk_1` FOREIGN KEY (`order_id`) REFERENCES `orders` (`id`) ON DELETE CASCADE,
  CONSTRAINT `menu_order_ibfk_2` FOREIGN KEY (`menu_id`) REFERENCES `menus` (`id`) ON DELETE CASCADE
) ENGINE=InnoDB DEFAULT CHARSET=utf8mb4 COLLATE=utf8mb4_general_ci;

/*Data for the table `menu_order` */

/*Table structure for table `menus` */

CREATE TABLE `menus` (
  `id` bigint unsigned NOT NULL AUTO_INCREMENT,
  `sku` varchar(255) COLLATE utf8mb4_unicode_ci NOT NULL,
  `name` varchar(255) COLLATE utf8mb4_unicode_ci NOT NULL,
  `description` text COLLATE utf8mb4_unicode_ci NOT NULL,
  `image` varchar(255) COLLATE utf8mb4_unicode_ci NOT NULL,
  `price` decimal(10,2) NOT NULL,
  `category_id` bigint unsigned DEFAULT NULL,
  `tingkatpedas` varchar(255) COLLATE utf8mb4_unicode_ci DEFAULT NULL,
  `created_at` timestamp NULL DEFAULT NULL,
  `updated_at` timestamp NULL DEFAULT NULL,
  `rating` double(3,1) NOT NULL DEFAULT '0.0',
  PRIMARY KEY (`id`),
  UNIQUE KEY `menus_sku_unique` (`sku`),
  KEY `menus_category_id_foreign` (`category_id`),
  CONSTRAINT `menus_category_id_foreign` FOREIGN KEY (`category_id`) REFERENCES `categories` (`id`) ON DELETE CASCADE
) ENGINE=InnoDB AUTO_INCREMENT=100003 DEFAULT CHARSET=utf8mb4 COLLATE=utf8mb4_unicode_ci;

/*Data for the table `menus` */

insert  into `menus`(`id`,`sku`,`name`,`description`,`image`,`price`,`category_id`,`tingkatpedas`,`created_at`,`updated_at`,`rating`) values (1,'DMSNASI-GORENG-TELOR234','Nasi goreng telor','Nasi Goreng Telor + Kerupuk','public/menus/wE4sfvQwARL47lIS9BIfAo82Xkfhx311OE9zTmEy.jpg',15000.00,1,NULL,'2025-06-20 07:27:52','2025-06-20 07:27:52',2.9),(2,'DMSNASI-KUNING-TELOR-BULET733','Nasi kuning Telor bulet','Nasi Kuning Telor Bulet + Kerupuk','public/menus/lelWJcAPcIYtvBaHsvpxx8H5JcdjUjqp59YnApSe.jpg',15000.00,3,NULL,'2025-06-20 07:28:46','2025-06-20 07:28:46',2.3),(3,'DMSNASI-KUNING-AYAM546','Nasi kuning Ayam','Nasi Kuning Ayam + Kerupuk','public/menus/dneUhwM1qE4I8Xeqr6HTKqCT3srSFnpxGr9putgY.jpg',15000.00,3,NULL,'2025-06-20 07:29:51','2025-06-20 07:29:51',2.8),(4,'DMSNASI-KUNING-KOMPLIT653','Nasi kuning Komplit','Nasi Kuning Komplit Telur+Ayam+Kerupuk','public/menus/i9kEFtcbvBE36zJWjU2WdEhCoSWM2PVNjO5mn10j.jpg',15000.00,3,NULL,'2025-06-20 07:30:47','2025-06-20 07:30:47',2.6),(5,'DMSES-JERUK944','Es Jeruk','Es Jeruk','public/menus/F1nowCeRmq4QYN4rEM2qrwsJQpTuysA0njhf3JyV.jpg',6000.00,2,NULL,'2025-06-20 07:31:28','2025-06-20 07:31:28',2.7),(6,'DMSES-KUWUT-MELON405','Es Kuwut Melon','Es Kuwut Melon','public/menus/kAd8NRbDTlCRn6GjTDP2HKDL6WvKSvmafQBxh4VT.jpg',6000.00,2,NULL,'2025-06-20 07:32:18','2025-06-20 07:32:18',2.3);

/*Table structure for table `migrations` */

CREATE TABLE `migrations` (
  `id` int unsigned NOT NULL AUTO_INCREMENT,
  `migration` varchar(255) COLLATE utf8mb4_unicode_ci NOT NULL,
  `batch` int NOT NULL,
  PRIMARY KEY (`id`)
) ENGINE=InnoDB AUTO_INCREMENT=263 DEFAULT CHARSET=utf8mb4 COLLATE=utf8mb4_unicode_ci;

/*Data for the table `migrations` */

insert  into `migrations`(`id`,`migration`,`batch`) values (30,'2025_06_12_234902_create_user_menu_interactions_table',2),(228,'2014_10_12_000000_create_users_table',3),(229,'2014_10_12_100000_create_password_reset_tokens_table',3),(230,'2019_08_19_000000_create_failed_jobs_table',3),(231,'2019_12_14_000001_create_personal_access_tokens_table',3),(232,'2023_03_28_120957_create_categories_table',3),(233,'2023_03_28_121049_create_menus_table',3),(234,'2023_03_28_121103_create_tables_table',3),(235,'2023_03_28_121132_create_reservations_table',3),(236,'2023_04_12_213033_create_category_menu_table',3),(237,'2025_03_19_030433_add_tingkat_pedas_to_menus_table',3),(238,'2025_03_19_030912_add_category_id_to_menus_table',3),(239,'2025_03_22_044542_create_orders_table',3),(240,'2025_03_22_092433_create_menu_order_table',3),(241,'2025_03_24_045747_add_payment_status_to_orders_table',3),(242,'2025_05_13_033609_add_role_to_users_table',3),(243,'2025_05_13_051943_add_status_to_koki_table',3),(244,'2025_05_19_162110_create_blogs_table',3),(245,'2025_05_27_000000_create_transactions_table',3),(246,'2025_05_28_000001_create_payment_transactions_table',3),(247,'2025_05_28_000002_create_order_items_table',3),(248,'2025_05_28_181740_create_total_fee_table',3),(249,'2025_05_29_063955_create_checkout_url_to_payment_transactions_table',3),(250,'2025_05_29_125638_create_fee_merchant_and_fee_customer_table',3),(251,'2025_05_29_134320_create_amount_for_order_table',3),(252,'2025_05_29_140742_create_tax_for_order_table',3),(253,'2025_05_29_144735_create_amount_received_table',3),(254,'2025_05_30_151226_create_add_qris_url_to_payment_transactions_table',3),(255,'2025_06_01_161800_add_reservation_id_to_orders_table',3),(256,'2025_06_01_170000_add_menu_items_to_orders_table',3),(257,'2025_06_12_234902_create_user_menu_rekomendasis_table',3),(258,'2025_06_13_005524_create_item_similarities_table',3),(259,'2025_06_13_031911_add_sku_to_menus_table',3),(260,'2025_06_16_142548_add_slug_to_blogs_table',3),(261,'2025_06_23_081949_add_rating_to_menus_table',4),(262,'2025_06_28_154357_data_rekomendasi',5);

/*Table structure for table `order_items` */

CREATE TABLE `order_items` (
  `id` bigint unsigned NOT NULL AUTO_INCREMENT,
  `order_id` bigint unsigned NOT NULL,
  `menu_id` bigint unsigned DEFAULT NULL,
  `sku` varchar(255) COLLATE utf8mb4_unicode_ci NOT NULL,
  `name` varchar(255) COLLATE utf8mb4_unicode_ci NOT NULL,
  `price` decimal(15,2) NOT NULL,
  `quantity` int NOT NULL,
  `created_at` timestamp NULL DEFAULT NULL,
  `updated_at` timestamp NULL DEFAULT NULL,
  PRIMARY KEY (`id`),
  KEY `fk_order_id` (`order_id`),
  KEY `fk_menu_id` (`menu_id`),
  CONSTRAINT `fk_menu_id` FOREIGN KEY (`menu_id`) REFERENCES `menus` (`id`) ON DELETE CASCADE ON UPDATE CASCADE,
  CONSTRAINT `fk_order_id` FOREIGN KEY (`order_id`) REFERENCES `orders` (`id`) ON DELETE CASCADE ON UPDATE CASCADE,
  CONSTRAINT `order_items_menu_id_foreign` FOREIGN KEY (`menu_id`) REFERENCES `menus` (`id`) ON DELETE CASCADE,
  CONSTRAINT `order_items_order_id_foreign` FOREIGN KEY (`order_id`) REFERENCES `orders` (`id`) ON DELETE CASCADE
) ENGINE=InnoDB AUTO_INCREMENT=187 DEFAULT CHARSET=utf8mb4 COLLATE=utf8mb4_unicode_ci;

/*Data for the table `order_items` */

insert  into `order_items`(`id`,`order_id`,`menu_id`,`sku`,`name`,`price`,`quantity`,`created_at`,`updated_at`) values (14,7,1,'DMSNASI-GORENG-TELOR234','Nasi goreng telor',15000.00,1,'2025-06-20 13:09:52','2025-06-20 13:09:52'),(15,7,5,'DMSES-JERUK944','Es Jeruk',6000.00,1,'2025-06-20 13:09:52','2025-06-20 13:09:52'),(17,8,3,'DMSNASI-KUNING-AYAM546','Nasi kuning Ayam',15000.00,1,'2025-06-21 06:52:40','2025-06-21 06:52:40'),(18,8,4,'DMSNASI-KUNING-KOMPLIT653','Nasi kuning Komplit',15000.00,1,'2025-06-21 06:52:40','2025-06-21 06:52:40'),(19,8,5,'DMSES-JERUK944','Es Jeruk',6000.00,1,'2025-06-21 06:52:40','2025-06-21 06:52:40'),(21,9,1,'DMSNASI-GORENG-TELOR234','Nasi goreng telor',15000.00,1,'2025-06-21 07:35:10','2025-06-21 07:35:10'),(22,9,5,'DMSES-JERUK944','Es Jeruk',6000.00,1,'2025-06-21 07:35:10','2025-06-21 07:35:10'),(24,10,1,'DMSNASI-GORENG-TELOR234','Nasi goreng telor',15000.00,1,'2025-06-21 07:37:11','2025-06-21 07:37:11'),(25,10,5,'DMSES-JERUK944','Es Jeruk',6000.00,2,'2025-06-21 07:37:11','2025-06-21 07:37:11'),(26,10,4,'DMSNASI-KUNING-KOMPLIT653','Nasi kuning Komplit',15000.00,1,'2025-06-21 07:37:11','2025-06-21 07:37:11'),(28,11,1,'DMSNASI-GORENG-TELOR234','Nasi goreng telor',15000.00,4,'2025-06-21 07:42:18','2025-06-21 07:42:18'),(29,11,5,'DMSES-JERUK944','Es Jeruk',6000.00,2,'2025-06-21 07:42:18','2025-06-21 07:42:18'),(30,11,4,'DMSNASI-KUNING-KOMPLIT653','Nasi kuning Komplit',15000.00,2,'2025-06-21 07:42:18','2025-06-21 07:42:18'),(31,11,2,'DMSNASI-KUNING-TELOR-BULET733','Nasi kuning Telor bulet',15000.00,2,'2025-06-21 07:42:18','2025-06-21 07:42:18'),(32,11,6,'DMSES-KUWUT-MELON405','Es Kuwut Melon',6000.00,2,'2025-06-21 07:42:18','2025-06-21 07:42:18'),(34,12,1,'DMSNASI-GORENG-TELOR234','Nasi goreng telor',15000.00,1,'2025-06-21 09:41:43','2025-06-21 09:41:43'),(35,12,5,'DMSES-JERUK944','Es Jeruk',6000.00,1,'2025-06-21 09:41:43','2025-06-21 09:41:43'),(37,13,1,'DMSNASI-GORENG-TELOR234','Nasi goreng telor',15000.00,1,'2025-06-21 09:51:14','2025-06-21 09:51:14'),(38,13,5,'DMSES-JERUK944','Es Jeruk',6000.00,1,'2025-06-21 09:51:14','2025-06-21 09:51:14'),(40,14,1,'DMSNASI-GORENG-TELOR234','Nasi goreng telor',15000.00,1,'2025-06-21 09:51:15','2025-06-21 09:51:15'),(41,14,5,'DMSES-JERUK944','Es Jeruk',6000.00,1,'2025-06-21 09:51:15','2025-06-21 09:51:15'),(43,15,1,'DMSNASI-GORENG-TELOR234','Nasi goreng telor',15000.00,1,'2025-06-21 09:58:00','2025-06-21 09:58:00'),(44,15,6,'DMSES-KUWUT-MELON405','Es Kuwut Melon',6000.00,1,'2025-06-21 09:58:00','2025-06-21 09:58:00'),(46,16,1,'DMSNASI-GORENG-TELOR234','Nasi goreng telor',15000.00,1,'2025-06-22 03:30:27','2025-06-22 03:30:27'),(47,16,6,'DMSES-KUWUT-MELON405','Es Kuwut Melon',6000.00,1,'2025-06-22 03:30:27','2025-06-22 03:30:27'),(49,17,1,'DMSNASI-GORENG-TELOR234','Nasi goreng telor',15000.00,1,'2025-06-22 04:07:37','2025-06-22 04:07:37'),(50,17,6,'DMSES-KUWUT-MELON405','Es Kuwut Melon',6000.00,1,'2025-06-22 04:07:37','2025-06-22 04:07:37'),(54,19,1,'DMSNASI-GORENG-TELOR234','Nasi goreng telor',15000.00,1,'2025-06-22 05:01:03','2025-06-22 05:01:03'),(55,19,5,'DMSES-JERUK944','Es Jeruk',6000.00,1,'2025-06-22 05:01:03','2025-06-22 05:01:03'),(57,20,1,'DMSNASI-GORENG-TELOR234','Nasi goreng telor',15000.00,1,'2025-06-22 05:04:15','2025-06-22 05:04:15'),(58,20,5,'DMSES-JERUK944','Es Jeruk',6000.00,1,'2025-06-22 05:04:15','2025-06-22 05:04:15'),(60,21,1,'DMSNASI-GORENG-TELOR234','Nasi goreng telor',15000.00,1,'2025-06-22 05:20:30','2025-06-22 05:20:30'),(61,21,5,'DMSES-JERUK944','Es Jeruk',6000.00,1,'2025-06-22 05:20:30','2025-06-22 05:20:30'),(63,22,1,'DMSNASI-GORENG-TELOR234','Nasi goreng telor',15000.00,1,'2025-06-22 05:29:44','2025-06-22 05:29:44'),(64,22,5,'DMSES-JERUK944','Es Jeruk',6000.00,1,'2025-06-22 05:29:45','2025-06-22 05:29:45'),(68,24,1,'DMSNASI-GORENG-TELOR234','Nasi goreng telor',15000.00,1,'2025-06-22 05:45:41','2025-06-22 05:45:41'),(69,24,5,'DMSES-JERUK944','Es Jeruk',6000.00,1,'2025-06-22 05:45:41','2025-06-22 05:45:41'),(71,25,1,'DMSNASI-GORENG-TELOR234','Nasi goreng telor',15000.00,1,'2025-06-22 05:49:14','2025-06-22 05:49:14'),(72,25,5,'DMSES-JERUK944','Es Jeruk',6000.00,1,'2025-06-22 05:49:14','2025-06-22 05:49:14'),(74,26,2,'DMSNASI-KUNING-TELOR-BULET733','Nasi kuning Telor bulet',15000.00,1,'2025-06-22 06:00:17','2025-06-22 06:00:17'),(76,27,5,'DMSES-JERUK944','Es Jeruk',6000.00,1,'2025-06-22 06:05:33','2025-06-22 06:05:33'),(77,27,2,'DMSNASI-KUNING-TELOR-BULET733','Nasi kuning Telor bulet',15000.00,1,'2025-06-22 06:05:33','2025-06-22 06:05:33'),(84,30,1,'DMSNASI-GORENG-TELOR234','Nasi goreng telor',15000.00,1,'2025-06-22 06:23:06','2025-06-22 06:23:06'),(85,30,6,'DMSES-KUWUT-MELON405','Es Kuwut Melon',6000.00,1,'2025-06-22 06:23:06','2025-06-22 06:23:06'),(87,31,1,'DMSNASI-GORENG-TELOR234','Nasi goreng telor',15000.00,1,'2025-06-22 06:46:30','2025-06-22 06:46:30'),(89,32,1,'DMSNASI-GORENG-TELOR234','Nasi goreng telor',15000.00,1,'2025-06-22 22:57:06','2025-06-22 22:57:06'),(90,32,4,'DMSNASI-KUNING-KOMPLIT653','Nasi kuning Komplit',15000.00,1,'2025-06-22 22:57:06','2025-06-22 22:57:06'),(92,33,1,'DMSNASI-GORENG-TELOR234','Nasi goreng telor',15000.00,1,'2025-06-22 23:16:10','2025-06-22 23:16:10'),(94,34,3,'DMSNASI-KUNING-AYAM546','Nasi kuning Ayam',15000.00,1,'2025-06-23 03:16:03','2025-06-23 03:16:03'),(95,34,4,'DMSNASI-KUNING-KOMPLIT653','Nasi kuning Komplit',15000.00,1,'2025-06-23 03:16:03','2025-06-23 03:16:03'),(96,34,5,'DMSES-JERUK944','Es Jeruk',6000.00,1,'2025-06-23 03:16:03','2025-06-23 03:16:03'),(98,35,1,'DMSNASI-GORENG-TELOR234','Nasi goreng telor',15000.00,1,'2025-06-23 04:10:42','2025-06-23 04:10:42'),(100,36,1,'DMSNASI-GORENG-TELOR234','Nasi goreng telor',15000.00,1,'2025-06-23 04:16:28','2025-06-23 04:16:28'),(134,50,4,'DMSNASI-KUNING-KOMPLIT653','Nasi kuning Komplit',15000.00,1,'2025-06-23 14:01:27','2025-06-23 14:01:27'),(135,50,1,'DMSNASI-GORENG-TELOR234','Nasi goreng telor',15000.00,2,'2025-06-23 14:01:27','2025-06-23 14:01:27'),(136,52,4,'DMSNASI-KUNING-KOMPLIT653','Nasi kuning Komplit',15000.00,1,'2025-06-23 14:05:26','2025-06-23 14:05:26'),(137,52,1,'DMSNASI-GORENG-TELOR234','Nasi goreng telor',15000.00,2,'2025-06-23 14:05:26','2025-06-23 14:05:26'),(168,76,1,'DMSNASI-GORENG-TELOR234','Nasi goreng telor',15000.00,1,'2025-06-28 14:48:10','2025-06-28 14:48:10'),(169,76,NULL,'TAX10','Pajak 10%',1500.00,1,'2025-06-28 14:48:10','2025-06-28 14:48:10'),(179,80,1,'DMSNASI-GORENG-TELOR234','Nasi goreng telor',15000.00,3,'2025-06-28 14:48:10','2025-06-28 14:48:10'),(180,76,2,'DMSNASI-GORENG-TELOR234','Nasi goreng telor',15000.00,1,'2025-06-28 14:48:10','2025-06-28 14:48:10'),(185,83,1,'DMSNASI-GORENG-TELOR234','Nasi goreng telor',15000.00,1,'2025-06-29 04:42:20','2025-06-29 04:42:20'),(186,83,NULL,'TAX10','Pajak 10%',1500.00,1,'2025-06-29 04:42:20','2025-06-29 04:42:20');

/*Table structure for table `orders` */

CREATE TABLE `orders` (
  `id` bigint unsigned NOT NULL AUTO_INCREMENT,
  `reservation_id` bigint unsigned DEFAULT NULL,
  `menu_items` text COLLATE utf8mb4_unicode_ci,
  `customer_name` varchar(255) COLLATE utf8mb4_unicode_ci NOT NULL,
  `cust_uid` varchar(255) COLLATE utf8mb4_unicode_ci NOT NULL,
  `phone` varchar(255) COLLATE utf8mb4_unicode_ci NOT NULL,
  `email` varchar(255) COLLATE utf8mb4_unicode_ci NOT NULL,
  `table_id` bigint unsigned NOT NULL,
  `total_price` decimal(10,2) DEFAULT NULL,
  `amount` int NOT NULL DEFAULT '0' COMMENT 'Total amount for the order',
  `tax` decimal(15,2) NOT NULL DEFAULT '0.00' COMMENT 'Tax amount for the order',
  `note` text COLLATE utf8mb4_unicode_ci,
  `payment_status` enum('pending','completed','failed') COLLATE utf8mb4_unicode_ci NOT NULL DEFAULT 'pending',
  `qris_screenshot` varchar(255) COLLATE utf8mb4_unicode_ci DEFAULT NULL,
  `created_at` timestamp NULL DEFAULT NULL,
  `updated_at` timestamp NULL DEFAULT NULL,
  PRIMARY KEY (`id`),
  KEY `orders_table_id_foreign` (`table_id`),
  KEY `orders_reservation_id_foreign` (`reservation_id`),
  CONSTRAINT `orders_reservation_id_foreign` FOREIGN KEY (`reservation_id`) REFERENCES `reservations` (`id`) ON DELETE SET NULL,
  CONSTRAINT `orders_table_id_foreign` FOREIGN KEY (`table_id`) REFERENCES `tables` (`id`) ON DELETE CASCADE
) ENGINE=InnoDB AUTO_INCREMENT=84 DEFAULT CHARSET=utf8mb4 COLLATE=utf8mb4_unicode_ci;

/*Data for the table `orders` */

insert  into `orders`(`id`,`reservation_id`,`menu_items`,`customer_name`,`cust_uid`,`phone`,`email`,`table_id`,`total_price`,`amount`,`tax`,`note`,`payment_status`,`qris_screenshot`,`created_at`,`updated_at`) values (7,NULL,NULL,'joko dilan','','0870770808','joko@example.com',1,23000.00,23000,2300.00,'pedas','pending','qrcodes/7.png','2025-06-20 13:09:52','2025-06-20 13:09:59'),(8,1,'[\"3\",\"4\",\"5\"]','Muhammad Fadilah','','087817584136','muhammaddimasfadilla06@gmail.com',2,38000.00,38000,3800.00,NULL,'pending','qrcodes/8.png','2025-06-21 06:52:40','2025-06-21 06:52:42'),(9,NULL,NULL,'dilan','','0870770808','dilan@example.com',1,23000.00,23000,2300.00,'prdas','pending','qrcodes/9.png','2025-06-21 07:35:10','2025-06-21 07:35:11'),(10,NULL,NULL,'fadil','','085717504909','fadil@gmail.com',1,44000.00,44000,4400.00,'-','pending','qrcodes/10.png','2025-06-21 07:37:11','2025-06-21 07:37:14'),(11,NULL,NULL,'dimas fadil','','085717504909','fadil@gmail.com',6,146000.00,146000,14600.00,'-','pending','qrcodes/11.png','2025-06-21 07:42:17','2025-06-21 07:42:19'),(12,NULL,NULL,'dimas fadil','','085717504909','fadil@gmail.com',2,23000.00,23000,2300.00,'-','pending','qrcodes/12.png','2025-06-21 09:41:43','2025-06-21 09:41:49'),(13,NULL,NULL,'Feri','','085717504909','Feri@gmail.com',1,23000.00,23000,2300.00,'-','pending','qrcodes/13.png','2025-06-21 09:51:14','2025-06-21 09:51:15'),(14,NULL,NULL,'Feri','','085717504909','Feri@gmail.com',1,23000.00,23000,2300.00,'-','pending','qrcodes/14.png','2025-06-21 09:51:15','2025-06-21 09:51:16'),(15,NULL,NULL,'Fer','','085717504909','Feri@gmail.com',1,23000.00,23000,2300.00,'-','pending','qrcodes/15.png','2025-06-21 09:58:00','2025-06-21 09:58:01'),(16,NULL,NULL,'Fer','','085717504909','Feri@gmail.com',1,23000.00,23000,2300.00,'-','pending','qrcodes/16.png','2025-06-22 03:30:27','2025-06-22 03:30:33'),(17,NULL,NULL,'Fer','','085717504909','Feri@gmail.com',1,23000.00,23000,2300.00,'-','pending','qrcodes/17.png','2025-06-22 04:07:37','2025-06-22 04:07:39'),(19,NULL,NULL,'dion','','085717504909','dion@gmail.com',3,23100.00,23100,2310.00,'-','pending','qrcodes/19.png','2025-06-22 05:01:03','2025-06-22 05:01:08'),(20,NULL,NULL,'dion','','085717504909','dion@gmail.com',1,23100.00,23100,2310.00,NULL,'pending','qrcodes/20.png','2025-06-22 05:04:15','2025-06-22 05:04:16'),(21,NULL,NULL,'dion','','085717504909','dion@gmail.com',1,23100.00,23100,2310.00,NULL,'pending','qrcodes/21.png','2025-06-22 05:20:30','2025-06-22 05:20:31'),(22,NULL,NULL,'dion','','085717504909','dion@gmail.com',1,23100.00,23100,2310.00,'-','pending','qrcodes/22.png','2025-06-22 05:29:44','2025-06-22 05:29:46'),(24,NULL,NULL,'dion','','085717504909','dion@gmail.com',1,23100.00,23100,2310.00,NULL,'pending','qrcodes/24.png','2025-06-22 05:45:41','2025-06-22 05:45:43'),(25,NULL,NULL,'dion','','085717504909','dion@gmail.com',1,23100.00,23100,2310.00,'-','pending','qrcodes/25.png','2025-06-22 05:49:14','2025-06-22 05:49:21'),(26,NULL,NULL,'Muhammad Dimas Fadilah','','087817584136','muhammaddimasfadilla06@gmail.com',1,16500.00,16500,1650.00,NULL,'pending','qrcodes/26.png','2025-06-22 06:00:17','2025-06-22 06:00:18'),(27,NULL,NULL,'Muhammad Dimas Fadilah','','087817584136','muhammaddimasfadilla06@gmail.com',1,23100.00,23100,2310.00,NULL,'pending','qrcodes/27.png','2025-06-22 06:05:33','2025-06-22 06:05:34'),(30,NULL,NULL,'Muhammad Dimas Fadilah','','0870770808','muhammaddimasfadilla06@gmail.com',1,23100.00,23100,2310.00,NULL,'pending','qrcodes/30.png','2025-06-22 06:23:06','2025-06-22 06:23:07'),(31,NULL,NULL,'Muhammad Dimas Fadilah','','0870770808','muhammaddimasfadilla06@gmail.com',1,16500.00,16500,1650.00,NULL,'pending','qrcodes/31.png','2025-06-22 06:46:30','2025-06-22 06:46:31'),(32,NULL,NULL,'dimas fadil','','085717504909','fadil@gmail.com',1,33000.00,33000,3300.00,NULL,'pending','qrcodes/32.png','2025-06-22 22:57:06','2025-06-22 22:57:08'),(33,NULL,NULL,'dimas fadil','','085717504909','fadil@gmail.com',1,16500.00,16500,1650.00,NULL,'pending','qrcodes/33.png','2025-06-22 23:16:10','2025-06-22 23:16:11'),(34,NULL,NULL,'Muhammad Dimas Fadilah','','0870770808','muhammaddimasfadilla06@gmail.com',1,38000.00,38000,3800.00,NULL,'pending','qrcodes/34.png','2025-06-23 03:16:03','2025-06-23 03:16:08'),(35,NULL,NULL,'Muhammad Dimas Fadilah','','0870770808','muhammaddimasfadilla06@gmail.com',1,17000.00,17000,1700.00,NULL,'pending','qrcodes/35.png','2025-06-23 04:10:42','2025-06-23 04:10:43'),(36,NULL,NULL,'Muhammad Dimas Fadilla','','085717504973','111202113925@mhs.dinus.ac.id',1,17000.00,17000,1700.00,NULL,'pending','qrcodes/36.png','2025-06-23 04:16:28','2025-06-23 04:16:32'),(50,NULL,NULL,'Muhammad Dimas Fadilah','','0870770808','muhammaddimasfadilla06@gmail.com',1,NULL,49500,4500.00,NULL,'pending',NULL,'2025-06-23 14:01:27','2025-06-23 14:01:27'),(51,NULL,NULL,'Muhammad Dimas Fadilah','','0870770808','muhammaddimasfadilla06@gmail.com',1,NULL,0,0.00,NULL,'pending',NULL,'2025-06-23 14:03:12','2025-06-23 14:03:12'),(52,NULL,NULL,'Muhammad Dimas Fadilah','','0870770808','muhammaddimasfadilla06@gmail.com',1,NULL,0,0.00,NULL,'pending',NULL,'2025-06-23 14:05:25','2025-06-23 14:05:25'),(64,2,'[\"2\",\"4\"]','Muhammad Fadilah','','087817584136','muhammaddimasfadilla06@gmail.com',1,30000.00,33000,3000.00,NULL,'pending',NULL,'2025-06-24 13:26:08','2025-06-24 13:26:08'),(65,3,'[{\"menu_id\":5,\"quantity\":2}]','Muhammad Fadilah','','085717504973','muhammaddimasfadilla06@gmail.com',1,12000.00,13200,1200.00,NULL,'pending',NULL,'2025-06-24 21:06:52','2025-06-24 21:06:52'),(66,4,'[{\"menu_id\":5,\"quantity\":2}]','Muhammad Fadilah','','085717504973','muhammaddimasfadilla06@gmail.com',1,12000.00,13200,1200.00,NULL,'pending',NULL,'2025-06-24 21:18:04','2025-06-24 21:18:04'),(67,5,'[{\"menu_id\":5,\"quantity\":2}]','Muhammad Fadilah','','085717504973','muhammaddimasfadilla06@gmail.com',1,12000.00,13200,1200.00,NULL,'pending',NULL,'2025-06-24 21:22:39','2025-06-24 21:22:39'),(76,NULL,NULL,'sdvs','fffec9d5-a7f9-4e62-99b0-ee59a6626660','089135154','a@gmail.com',1,NULL,0,0.00,NULL,'pending','qrcodes/76.png','2025-06-28 14:48:10','2025-06-28 14:48:11'),(80,NULL,NULL,'sdvs','fffec9d5-a7f9-4e62-99b0-ee59a6626661','089135154','a@gmail.com',1,NULL,0,0.00,NULL,'pending','qrcodes/76.png','2025-06-28 14:48:10','2025-06-28 14:48:11'),(83,NULL,NULL,'a','7e949bc9-bbcc-46b2-9099-69b228977673','089135154','a@gmail.com',1,NULL,0,0.00,NULL,'pending','qrcodes/83.png','2025-06-29 04:42:20','2025-06-29 04:42:21');

/*Table structure for table `password_reset_tokens` */

CREATE TABLE `password_reset_tokens` (
  `email` varchar(255) COLLATE utf8mb4_unicode_ci NOT NULL,
  `token` varchar(255) COLLATE utf8mb4_unicode_ci NOT NULL,
  `created_at` timestamp NULL DEFAULT NULL,
  PRIMARY KEY (`email`)
) ENGINE=InnoDB DEFAULT CHARSET=utf8mb4 COLLATE=utf8mb4_unicode_ci;

/*Data for the table `password_reset_tokens` */

/*Table structure for table `payment_transactions` */

CREATE TABLE `payment_transactions` (
  `id` bigint unsigned NOT NULL AUTO_INCREMENT,
  `order_id` bigint unsigned NOT NULL,
  `merchant_ref` varchar(255) COLLATE utf8mb4_unicode_ci NOT NULL,
  `payment_channel` varchar(255) COLLATE utf8mb4_unicode_ci NOT NULL,
  `amount` decimal(15,2) NOT NULL,
  `fee_merchant` decimal(15,2) NOT NULL DEFAULT '0.00' COMMENT 'Fee charged to merchant',
  `fee_customer` decimal(15,2) NOT NULL DEFAULT '0.00' COMMENT 'Fee charged to customer',
  `total_fee` decimal(15,2) DEFAULT '0.00' COMMENT 'Total biaya transaksi termasuk biaya layanan dan pajak',
  `customer_name` varchar(255) COLLATE utf8mb4_unicode_ci NOT NULL,
  `customer_email` varchar(255) COLLATE utf8mb4_unicode_ci NOT NULL,
  `customer_phone` varchar(255) COLLATE utf8mb4_unicode_ci NOT NULL,
  `order_items` longtext CHARACTER SET utf8mb4 COLLATE utf8mb4_bin NOT NULL,
  `callback_url` varchar(255) COLLATE utf8mb4_unicode_ci DEFAULT NULL,
  `return_url` varchar(255) COLLATE utf8mb4_unicode_ci DEFAULT NULL,
  `checkout_url` varchar(255) COLLATE utf8mb4_unicode_ci DEFAULT NULL COMMENT 'URL untuk melanjutkan ke proses pembayaran',
  `expired_time` bigint unsigned NOT NULL,
  `signature` varchar(255) COLLATE utf8mb4_unicode_ci NOT NULL,
  `status` varchar(255) COLLATE utf8mb4_unicode_ci NOT NULL DEFAULT 'pending',
  `amount_received` decimal(10,2) NOT NULL,
  `payment_response` text COLLATE utf8mb4_unicode_ci,
  `qris_url` varchar(255) COLLATE utf8mb4_unicode_ci DEFAULT NULL COMMENT 'QRIS URL for payment transactions',
  `created_at` timestamp NULL DEFAULT NULL,
  `updated_at` timestamp NULL DEFAULT NULL,
  PRIMARY KEY (`id`),
  KEY `payment_transactions_order_id_foreign` (`order_id`),
  CONSTRAINT `payment_transactions_order_id_foreign` FOREIGN KEY (`order_id`) REFERENCES `orders` (`id`) ON DELETE CASCADE,
  CONSTRAINT `payment_transactions_chk_1` CHECK (json_valid(`order_items`))
) ENGINE=InnoDB AUTO_INCREMENT=29 DEFAULT CHARSET=utf8mb4 COLLATE=utf8mb4_unicode_ci;

/*Data for the table `payment_transactions` */

insert  into `payment_transactions`(`id`,`order_id`,`merchant_ref`,`payment_channel`,`amount`,`fee_merchant`,`fee_customer`,`total_fee`,`customer_name`,`customer_email`,`customer_phone`,`order_items`,`callback_url`,`return_url`,`checkout_url`,`expired_time`,`signature`,`status`,`amount_received`,`payment_response`,`qris_url`,`created_at`,`updated_at`) values (1,7,'order-7','SHOPEEPAY',23000.00,1000.00,0.00,1000.00,'joko dilan','joko@example.com','0870770808','[{\"sku\":\"DMSNASI-GORENG-TELOR234\",\"name\":\"Nasi goreng telor\",\"price\":\"15000.00\",\"quantity\":1},{\"sku\":\"DMSES-JERUK944\",\"name\":\"Es Jeruk\",\"price\":\"6000.00\",\"quantity\":1},{\"sku\":\"TAX10\",\"name\":\"Pajak 10%\",\"price\":2000,\"quantity\":1}]','http://127.0.0.1:8000/callback/tripay',NULL,'https://tripay.co.id/checkout/DEV-T40989248482QTK8B',1750426792,'aca140f90502773987d5b32f6dc3402bdb296a938e94c239d33a91cec9452cbb','UNPAID',22000.00,'\"{\\\"success\\\":true,\\\"message\\\":\\\"\\\",\\\"data\\\":{\\\"reference\\\":\\\"DEV-T40989248482QTK8B\\\",\\\"merchant_ref\\\":\\\"order-7\\\",\\\"payment_selection_type\\\":\\\"static\\\",\\\"payment_method\\\":\\\"SHOPEEPAY\\\",\\\"payment_name\\\":\\\"ShopeePay\\\",\\\"customer_name\\\":\\\"joko dilan\\\",\\\"customer_email\\\":\\\"joko@example.com\\\",\\\"customer_phone\\\":\\\"0870770808\\\",\\\"callback_url\\\":\\\"http:\\\\\\/\\\\\\/127.0.0.1:8000\\\\\\/callback\\\\\\/tripay\\\",\\\"return_url\\\":null,\\\"amount\\\":23000,\\\"fee_merchant\\\":1000,\\\"fee_customer\\\":0,\\\"total_fee\\\":1000,\\\"amount_received\\\":22000,\\\"pay_code\\\":null,\\\"pay_url\\\":\\\"https:\\\\\\/\\\\\\/tripay.co.id\\\\\\/checkout\\\\\\/DEV-T40989248482QTK8B\\\",\\\"checkout_url\\\":\\\"https:\\\\\\/\\\\\\/tripay.co.id\\\\\\/checkout\\\\\\/DEV-T40989248482QTK8B\\\",\\\"status\\\":\\\"UNPAID\\\",\\\"expired_time\\\":1750426792,\\\"order_items\\\":[{\\\"sku\\\":\\\"DMSNASI-GORENG-TELOR234\\\",\\\"name\\\":\\\"Nasi goreng telor\\\",\\\"price\\\":15000,\\\"quantity\\\":1,\\\"subtotal\\\":15000,\\\"product_url\\\":null,\\\"image_url\\\":null},{\\\"sku\\\":\\\"DMSES-JERUK944\\\",\\\"name\\\":\\\"Es Jeruk\\\",\\\"price\\\":6000,\\\"quantity\\\":1,\\\"subtotal\\\":6000,\\\"product_url\\\":null,\\\"image_url\\\":null},{\\\"sku\\\":\\\"TAX10\\\",\\\"name\\\":\\\"Pajak 10%\\\",\\\"price\\\":2000,\\\"quantity\\\":1,\\\"subtotal\\\":2000,\\\"product_url\\\":null,\\\"image_url\\\":null}],\\\"instructions\\\":[{\\\"title\\\":\\\"Pembayaran via ShopeePay\\\",\\\"steps\\\":[\\\"Klik tombol Lanjutkan Pembayaran\\\",\\\"Anda akan dialihkan ke aplikasi Shopee\\\",\\\"Akan muncul detail transaksi. Pastikan data transaksi sudah sesuai\\\",\\\"Klik tombol <b>Bayar<\\\\\\/b> dan masukkan <b>PIN<\\\\\\/b>\\\",\\\"Transaksi selesai. Simpan bukti pembayaran Anda\\\"]}]}}\"',NULL,'2025-06-20 13:09:53','2025-06-20 13:09:53'),(2,8,'order-8','SHOPEEPAY',38000.00,1140.00,0.00,1140.00,'Muhammad Fadilah','muhammaddimasfadilla06@gmail.com','087817584136','[{\"sku\":\"DMSNASI-KUNING-AYAM546\",\"name\":\"Nasi kuning Ayam\",\"price\":\"15000.00\",\"quantity\":1},{\"sku\":\"DMSNASI-KUNING-KOMPLIT653\",\"name\":\"Nasi kuning Komplit\",\"price\":\"15000.00\",\"quantity\":1},{\"sku\":\"DMSES-JERUK944\",\"name\":\"Es Jeruk\",\"price\":\"6000.00\",\"quantity\":1},{\"sku\":\"TAX10\",\"name\":\"Pajak 10%\",\"price\":2000,\"quantity\":1}]','http://127.0.0.1:8000/callback/tripay',NULL,'https://tripay.co.id/checkout/DEV-T40989248601PRWUY',1750490560,'a8e288f0832318151ce08bdf3c3dbc01b28a0e8cf40969015d7bcd73dc2f2c41','UNPAID',36860.00,'\"{\\\"success\\\":true,\\\"message\\\":\\\"\\\",\\\"data\\\":{\\\"reference\\\":\\\"DEV-T40989248601PRWUY\\\",\\\"merchant_ref\\\":\\\"order-8\\\",\\\"payment_selection_type\\\":\\\"static\\\",\\\"payment_method\\\":\\\"SHOPEEPAY\\\",\\\"payment_name\\\":\\\"ShopeePay\\\",\\\"customer_name\\\":\\\"Muhammad Fadilah\\\",\\\"customer_email\\\":\\\"muhammaddimasfadilla06@gmail.com\\\",\\\"customer_phone\\\":\\\"087817584136\\\",\\\"callback_url\\\":\\\"http:\\\\\\/\\\\\\/127.0.0.1:8000\\\\\\/callback\\\\\\/tripay\\\",\\\"return_url\\\":null,\\\"amount\\\":38000,\\\"fee_merchant\\\":1140,\\\"fee_customer\\\":0,\\\"total_fee\\\":1140,\\\"amount_received\\\":36860,\\\"pay_code\\\":null,\\\"pay_url\\\":\\\"https:\\\\\\/\\\\\\/tripay.co.id\\\\\\/checkout\\\\\\/DEV-T40989248601PRWUY\\\",\\\"checkout_url\\\":\\\"https:\\\\\\/\\\\\\/tripay.co.id\\\\\\/checkout\\\\\\/DEV-T40989248601PRWUY\\\",\\\"status\\\":\\\"UNPAID\\\",\\\"expired_time\\\":1750490560,\\\"order_items\\\":[{\\\"sku\\\":\\\"DMSNASI-KUNING-AYAM546\\\",\\\"name\\\":\\\"Nasi kuning Ayam\\\",\\\"price\\\":15000,\\\"quantity\\\":1,\\\"subtotal\\\":15000,\\\"product_url\\\":null,\\\"image_url\\\":null},{\\\"sku\\\":\\\"DMSNASI-KUNING-KOMPLIT653\\\",\\\"name\\\":\\\"Nasi kuning Komplit\\\",\\\"price\\\":15000,\\\"quantity\\\":1,\\\"subtotal\\\":15000,\\\"product_url\\\":null,\\\"image_url\\\":null},{\\\"sku\\\":\\\"DMSES-JERUK944\\\",\\\"name\\\":\\\"Es Jeruk\\\",\\\"price\\\":6000,\\\"quantity\\\":1,\\\"subtotal\\\":6000,\\\"product_url\\\":null,\\\"image_url\\\":null},{\\\"sku\\\":\\\"TAX10\\\",\\\"name\\\":\\\"Pajak 10%\\\",\\\"price\\\":2000,\\\"quantity\\\":1,\\\"subtotal\\\":2000,\\\"product_url\\\":null,\\\"image_url\\\":null}],\\\"instructions\\\":[{\\\"title\\\":\\\"Pembayaran via ShopeePay\\\",\\\"steps\\\":[\\\"Klik tombol Lanjutkan Pembayaran\\\",\\\"Anda akan dialihkan ke aplikasi Shopee\\\",\\\"Akan muncul detail transaksi. Pastikan data transaksi sudah sesuai\\\",\\\"Klik tombol <b>Bayar<\\\\\\/b> dan masukkan <b>PIN<\\\\\\/b>\\\",\\\"Transaksi selesai. Simpan bukti pembayaran Anda\\\"]}]}}\"',NULL,'2025-06-21 06:52:41','2025-06-21 06:52:41'),(3,9,'order-9','SHOPEEPAY',23000.00,1000.00,0.00,1000.00,'dilan','dilan@example.com','0870770808','[{\"sku\":\"DMSNASI-GORENG-TELOR234\",\"name\":\"Nasi goreng telor\",\"price\":\"15000.00\",\"quantity\":1},{\"sku\":\"DMSES-JERUK944\",\"name\":\"Es Jeruk\",\"price\":\"6000.00\",\"quantity\":1},{\"sku\":\"TAX10\",\"name\":\"Pajak 10%\",\"price\":2000,\"quantity\":1}]','http://127.0.0.1:8000/callback/tripay',NULL,'https://tripay.co.id/checkout/DEV-T40989248618QCDBJ',1750493110,'3c92097bcfb30f39bd7796143e162b7a434e23fe0de4166a83b66eddad91849d','UNPAID',22000.00,'\"{\\\"success\\\":true,\\\"message\\\":\\\"\\\",\\\"data\\\":{\\\"reference\\\":\\\"DEV-T40989248618QCDBJ\\\",\\\"merchant_ref\\\":\\\"order-9\\\",\\\"payment_selection_type\\\":\\\"static\\\",\\\"payment_method\\\":\\\"SHOPEEPAY\\\",\\\"payment_name\\\":\\\"ShopeePay\\\",\\\"customer_name\\\":\\\"dilan\\\",\\\"customer_email\\\":\\\"dilan@example.com\\\",\\\"customer_phone\\\":\\\"0870770808\\\",\\\"callback_url\\\":\\\"http:\\\\\\/\\\\\\/127.0.0.1:8000\\\\\\/callback\\\\\\/tripay\\\",\\\"return_url\\\":null,\\\"amount\\\":23000,\\\"fee_merchant\\\":1000,\\\"fee_customer\\\":0,\\\"total_fee\\\":1000,\\\"amount_received\\\":22000,\\\"pay_code\\\":null,\\\"pay_url\\\":\\\"https:\\\\\\/\\\\\\/tripay.co.id\\\\\\/checkout\\\\\\/DEV-T40989248618QCDBJ\\\",\\\"checkout_url\\\":\\\"https:\\\\\\/\\\\\\/tripay.co.id\\\\\\/checkout\\\\\\/DEV-T40989248618QCDBJ\\\",\\\"status\\\":\\\"UNPAID\\\",\\\"expired_time\\\":1750493110,\\\"order_items\\\":[{\\\"sku\\\":\\\"DMSNASI-GORENG-TELOR234\\\",\\\"name\\\":\\\"Nasi goreng telor\\\",\\\"price\\\":15000,\\\"quantity\\\":1,\\\"subtotal\\\":15000,\\\"product_url\\\":null,\\\"image_url\\\":null},{\\\"sku\\\":\\\"DMSES-JERUK944\\\",\\\"name\\\":\\\"Es Jeruk\\\",\\\"price\\\":6000,\\\"quantity\\\":1,\\\"subtotal\\\":6000,\\\"product_url\\\":null,\\\"image_url\\\":null},{\\\"sku\\\":\\\"TAX10\\\",\\\"name\\\":\\\"Pajak 10%\\\",\\\"price\\\":2000,\\\"quantity\\\":1,\\\"subtotal\\\":2000,\\\"product_url\\\":null,\\\"image_url\\\":null}],\\\"instructions\\\":[{\\\"title\\\":\\\"Pembayaran via ShopeePay\\\",\\\"steps\\\":[\\\"Klik tombol Lanjutkan Pembayaran\\\",\\\"Anda akan dialihkan ke aplikasi Shopee\\\",\\\"Akan muncul detail transaksi. Pastikan data transaksi sudah sesuai\\\",\\\"Klik tombol <b>Bayar<\\\\\\/b> dan masukkan <b>PIN<\\\\\\/b>\\\",\\\"Transaksi selesai. Simpan bukti pembayaran Anda\\\"]}]}}\"',NULL,'2025-06-21 07:35:11','2025-06-21 07:35:11'),(4,10,'order-10','SHOPEEPAY',44000.00,1320.00,0.00,1320.00,'fadil','fadil@gmail.com','085717504909','[{\"sku\":\"DMSNASI-GORENG-TELOR234\",\"name\":\"Nasi goreng telor\",\"price\":\"15000.00\",\"quantity\":1},{\"sku\":\"DMSES-JERUK944\",\"name\":\"Es Jeruk\",\"price\":\"6000.00\",\"quantity\":2},{\"sku\":\"DMSNASI-KUNING-KOMPLIT653\",\"name\":\"Nasi kuning Komplit\",\"price\":\"15000.00\",\"quantity\":1},{\"sku\":\"TAX10\",\"name\":\"Pajak 10%\",\"price\":2000,\"quantity\":1}]','http://127.0.0.1:8000/callback/tripay',NULL,'https://tripay.co.id/checkout/DEV-T40989248619C5IVW',1750493231,'5385d86b5e8744c44d060aa85302aaa8c5323872fa8683c57a430e90c9677cbd','UNPAID',42680.00,'\"{\\\"success\\\":true,\\\"message\\\":\\\"\\\",\\\"data\\\":{\\\"reference\\\":\\\"DEV-T40989248619C5IVW\\\",\\\"merchant_ref\\\":\\\"order-10\\\",\\\"payment_selection_type\\\":\\\"static\\\",\\\"payment_method\\\":\\\"SHOPEEPAY\\\",\\\"payment_name\\\":\\\"ShopeePay\\\",\\\"customer_name\\\":\\\"fadil\\\",\\\"customer_email\\\":\\\"fadil@gmail.com\\\",\\\"customer_phone\\\":\\\"085717504909\\\",\\\"callback_url\\\":\\\"http:\\\\\\/\\\\\\/127.0.0.1:8000\\\\\\/callback\\\\\\/tripay\\\",\\\"return_url\\\":null,\\\"amount\\\":44000,\\\"fee_merchant\\\":1320,\\\"fee_customer\\\":0,\\\"total_fee\\\":1320,\\\"amount_received\\\":42680,\\\"pay_code\\\":null,\\\"pay_url\\\":\\\"https:\\\\\\/\\\\\\/tripay.co.id\\\\\\/checkout\\\\\\/DEV-T40989248619C5IVW\\\",\\\"checkout_url\\\":\\\"https:\\\\\\/\\\\\\/tripay.co.id\\\\\\/checkout\\\\\\/DEV-T40989248619C5IVW\\\",\\\"status\\\":\\\"UNPAID\\\",\\\"expired_time\\\":1750493231,\\\"order_items\\\":[{\\\"sku\\\":\\\"DMSNASI-GORENG-TELOR234\\\",\\\"name\\\":\\\"Nasi goreng telor\\\",\\\"price\\\":15000,\\\"quantity\\\":1,\\\"subtotal\\\":15000,\\\"product_url\\\":null,\\\"image_url\\\":null},{\\\"sku\\\":\\\"DMSES-JERUK944\\\",\\\"name\\\":\\\"Es Jeruk\\\",\\\"price\\\":6000,\\\"quantity\\\":2,\\\"subtotal\\\":12000,\\\"product_url\\\":null,\\\"image_url\\\":null},{\\\"sku\\\":\\\"DMSNASI-KUNING-KOMPLIT653\\\",\\\"name\\\":\\\"Nasi kuning Komplit\\\",\\\"price\\\":15000,\\\"quantity\\\":1,\\\"subtotal\\\":15000,\\\"product_url\\\":null,\\\"image_url\\\":null},{\\\"sku\\\":\\\"TAX10\\\",\\\"name\\\":\\\"Pajak 10%\\\",\\\"price\\\":2000,\\\"quantity\\\":1,\\\"subtotal\\\":2000,\\\"product_url\\\":null,\\\"image_url\\\":null}],\\\"instructions\\\":[{\\\"title\\\":\\\"Pembayaran via ShopeePay\\\",\\\"steps\\\":[\\\"Klik tombol Lanjutkan Pembayaran\\\",\\\"Anda akan dialihkan ke aplikasi Shopee\\\",\\\"Akan muncul detail transaksi. Pastikan data transaksi sudah sesuai\\\",\\\"Klik tombol <b>Bayar<\\\\\\/b> dan masukkan <b>PIN<\\\\\\/b>\\\",\\\"Transaksi selesai. Simpan bukti pembayaran Anda\\\"]}]}}\"',NULL,'2025-06-21 07:37:14','2025-06-21 07:37:14'),(5,11,'order-11','SHOPEEPAY',146000.00,4380.00,0.00,4380.00,'dimas fadil','fadil@gmail.com','085717504909','[{\"sku\":\"DMSNASI-GORENG-TELOR234\",\"name\":\"Nasi goreng telor\",\"price\":\"15000.00\",\"quantity\":4},{\"sku\":\"DMSES-JERUK944\",\"name\":\"Es Jeruk\",\"price\":\"6000.00\",\"quantity\":2},{\"sku\":\"DMSNASI-KUNING-KOMPLIT653\",\"name\":\"Nasi kuning Komplit\",\"price\":\"15000.00\",\"quantity\":2},{\"sku\":\"DMSNASI-KUNING-TELOR-BULET733\",\"name\":\"Nasi kuning Telor bulet\",\"price\":\"15000.00\",\"quantity\":2},{\"sku\":\"DMSES-KUWUT-MELON405\",\"name\":\"Es Kuwut Melon\",\"price\":\"6000.00\",\"quantity\":2},{\"sku\":\"TAX10\",\"name\":\"Pajak 10%\",\"price\":2000,\"quantity\":1}]','http://127.0.0.1:8000/callback/tripay',NULL,'https://tripay.co.id/checkout/DEV-T40989248621O9PSF',1750493538,'3c7dbdb38fa711373ab863b798ac6df9bb8c9b61706fae709683222819e63c5c','UNPAID',141620.00,'\"{\\\"success\\\":true,\\\"message\\\":\\\"\\\",\\\"data\\\":{\\\"reference\\\":\\\"DEV-T40989248621O9PSF\\\",\\\"merchant_ref\\\":\\\"order-11\\\",\\\"payment_selection_type\\\":\\\"static\\\",\\\"payment_method\\\":\\\"SHOPEEPAY\\\",\\\"payment_name\\\":\\\"ShopeePay\\\",\\\"customer_name\\\":\\\"dimas fadil\\\",\\\"customer_email\\\":\\\"fadil@gmail.com\\\",\\\"customer_phone\\\":\\\"085717504909\\\",\\\"callback_url\\\":\\\"http:\\\\\\/\\\\\\/127.0.0.1:8000\\\\\\/callback\\\\\\/tripay\\\",\\\"return_url\\\":null,\\\"amount\\\":146000,\\\"fee_merchant\\\":4380,\\\"fee_customer\\\":0,\\\"total_fee\\\":4380,\\\"amount_received\\\":141620,\\\"pay_code\\\":null,\\\"pay_url\\\":\\\"https:\\\\\\/\\\\\\/tripay.co.id\\\\\\/checkout\\\\\\/DEV-T40989248621O9PSF\\\",\\\"checkout_url\\\":\\\"https:\\\\\\/\\\\\\/tripay.co.id\\\\\\/checkout\\\\\\/DEV-T40989248621O9PSF\\\",\\\"status\\\":\\\"UNPAID\\\",\\\"expired_time\\\":1750493538,\\\"order_items\\\":[{\\\"sku\\\":\\\"DMSNASI-GORENG-TELOR234\\\",\\\"name\\\":\\\"Nasi goreng telor\\\",\\\"price\\\":15000,\\\"quantity\\\":4,\\\"subtotal\\\":60000,\\\"product_url\\\":null,\\\"image_url\\\":null},{\\\"sku\\\":\\\"DMSES-JERUK944\\\",\\\"name\\\":\\\"Es Jeruk\\\",\\\"price\\\":6000,\\\"quantity\\\":2,\\\"subtotal\\\":12000,\\\"product_url\\\":null,\\\"image_url\\\":null},{\\\"sku\\\":\\\"DMSNASI-KUNING-KOMPLIT653\\\",\\\"name\\\":\\\"Nasi kuning Komplit\\\",\\\"price\\\":15000,\\\"quantity\\\":2,\\\"subtotal\\\":30000,\\\"product_url\\\":null,\\\"image_url\\\":null},{\\\"sku\\\":\\\"DMSNASI-KUNING-TELOR-BULET733\\\",\\\"name\\\":\\\"Nasi kuning Telor bulet\\\",\\\"price\\\":15000,\\\"quantity\\\":2,\\\"subtotal\\\":30000,\\\"product_url\\\":null,\\\"image_url\\\":null},{\\\"sku\\\":\\\"DMSES-KUWUT-MELON405\\\",\\\"name\\\":\\\"Es Kuwut Melon\\\",\\\"price\\\":6000,\\\"quantity\\\":2,\\\"subtotal\\\":12000,\\\"product_url\\\":null,\\\"image_url\\\":null},{\\\"sku\\\":\\\"TAX10\\\",\\\"name\\\":\\\"Pajak 10%\\\",\\\"price\\\":2000,\\\"quantity\\\":1,\\\"subtotal\\\":2000,\\\"product_url\\\":null,\\\"image_url\\\":null}],\\\"instructions\\\":[{\\\"title\\\":\\\"Pembayaran via ShopeePay\\\",\\\"steps\\\":[\\\"Klik tombol Lanjutkan Pembayaran\\\",\\\"Anda akan dialihkan ke aplikasi Shopee\\\",\\\"Akan muncul detail transaksi. Pastikan data transaksi sudah sesuai\\\",\\\"Klik tombol <b>Bayar<\\\\\\/b> dan masukkan <b>PIN<\\\\\\/b>\\\",\\\"Transaksi selesai. Simpan bukti pembayaran Anda\\\"]}]}}\"',NULL,'2025-06-21 07:42:19','2025-06-21 07:42:19'),(6,12,'order-12','DANA',23000.00,1000.00,0.00,1000.00,'dimas fadil','fadil@gmail.com','085717504909','[{\"sku\":\"DMSNASI-GORENG-TELOR234\",\"name\":\"Nasi goreng telor\",\"price\":\"15000.00\",\"quantity\":1},{\"sku\":\"DMSES-JERUK944\",\"name\":\"Es Jeruk\",\"price\":\"6000.00\",\"quantity\":1},{\"sku\":\"TAX10\",\"name\":\"Pajak 10%\",\"price\":2000,\"quantity\":1}]','http://127.0.0.1:8000/callback/tripay',NULL,'https://tripay.co.id/checkout/DEV-T40989248646BJOAZ',1750500703,'8aae2863abc43c9b0f9f6b90f9711492dc8707f3daccc27a84e288b6032af272','UNPAID',22000.00,'\"{\\\"success\\\":true,\\\"message\\\":\\\"\\\",\\\"data\\\":{\\\"reference\\\":\\\"DEV-T40989248646BJOAZ\\\",\\\"merchant_ref\\\":\\\"order-12\\\",\\\"payment_selection_type\\\":\\\"static\\\",\\\"payment_method\\\":\\\"DANA\\\",\\\"payment_name\\\":\\\"DANA\\\",\\\"customer_name\\\":\\\"dimas fadil\\\",\\\"customer_email\\\":\\\"fadil@gmail.com\\\",\\\"customer_phone\\\":\\\"085717504909\\\",\\\"callback_url\\\":\\\"http:\\\\\\/\\\\\\/127.0.0.1:8000\\\\\\/callback\\\\\\/tripay\\\",\\\"return_url\\\":null,\\\"amount\\\":23000,\\\"fee_merchant\\\":1000,\\\"fee_customer\\\":0,\\\"total_fee\\\":1000,\\\"amount_received\\\":22000,\\\"pay_code\\\":null,\\\"pay_url\\\":\\\"https:\\\\\\/\\\\\\/tripay.co.id\\\\\\/checkout\\\\\\/DEV-T40989248646BJOAZ\\\",\\\"checkout_url\\\":\\\"https:\\\\\\/\\\\\\/tripay.co.id\\\\\\/checkout\\\\\\/DEV-T40989248646BJOAZ\\\",\\\"status\\\":\\\"UNPAID\\\",\\\"expired_time\\\":1750500703,\\\"order_items\\\":[{\\\"sku\\\":\\\"DMSNASI-GORENG-TELOR234\\\",\\\"name\\\":\\\"Nasi goreng telor\\\",\\\"price\\\":15000,\\\"quantity\\\":1,\\\"subtotal\\\":15000,\\\"product_url\\\":null,\\\"image_url\\\":null},{\\\"sku\\\":\\\"DMSES-JERUK944\\\",\\\"name\\\":\\\"Es Jeruk\\\",\\\"price\\\":6000,\\\"quantity\\\":1,\\\"subtotal\\\":6000,\\\"product_url\\\":null,\\\"image_url\\\":null},{\\\"sku\\\":\\\"TAX10\\\",\\\"name\\\":\\\"Pajak 10%\\\",\\\"price\\\":2000,\\\"quantity\\\":1,\\\"subtotal\\\":2000,\\\"product_url\\\":null,\\\"image_url\\\":null}],\\\"instructions\\\":[{\\\"title\\\":\\\"Pembayaran via DANA\\\",\\\"steps\\\":[\\\"Klik tombol Lanjutkan Pembayaran\\\",\\\"Anda akan dipindah ke Halaman Pembayaran DANA \\\",\\\"Pastikan saldo DANA anda cukup\\\",\\\"Masukkan nomor handpone yang terdaftar pada akun DANA\\\",\\\"Anda akan diminta untuk memasukkan PIN DANA Anda\\\",\\\"Kemudian anda akan diminta untuk memasukkan kode OTP yang dikirim ke nomor DANA\\\",\\\"Kemudian akan muncul detail tansaksi pastikan sudah sesuai dengan transaksi yang ingin anda bayar\\\",\\\"Klik tombol <b>PAY<\\\\\\/b>\\\",\\\"Transaksi selesai. Simpan bukti pembayaran Anda\\\"]}]}}\"',NULL,'2025-06-21 09:41:44','2025-06-21 09:41:44'),(7,13,'order-13','SHOPEEPAY',23000.00,1000.00,0.00,1000.00,'Feri','Feri@gmail.com','085717504909','[{\"sku\":\"DMSNASI-GORENG-TELOR234\",\"name\":\"Nasi goreng telor\",\"price\":\"15000.00\",\"quantity\":1},{\"sku\":\"DMSES-JERUK944\",\"name\":\"Es Jeruk\",\"price\":\"6000.00\",\"quantity\":1},{\"sku\":\"TAX10\",\"name\":\"Pajak 10%\",\"price\":2000,\"quantity\":1}]','http://127.0.0.1:8000/callback/tripay',NULL,'https://tripay.co.id/checkout/DEV-T40989248658HIYSC',1750501274,'c87b1225b454718189c503508ce73930b5e7ff795ced260c150ae8e3b13fdd0d','UNPAID',22000.00,'\"{\\\"success\\\":true,\\\"message\\\":\\\"\\\",\\\"data\\\":{\\\"reference\\\":\\\"DEV-T40989248658HIYSC\\\",\\\"merchant_ref\\\":\\\"order-13\\\",\\\"payment_selection_type\\\":\\\"static\\\",\\\"payment_method\\\":\\\"SHOPEEPAY\\\",\\\"payment_name\\\":\\\"ShopeePay\\\",\\\"customer_name\\\":\\\"Feri\\\",\\\"customer_email\\\":\\\"Feri@gmail.com\\\",\\\"customer_phone\\\":\\\"085717504909\\\",\\\"callback_url\\\":\\\"http:\\\\\\/\\\\\\/127.0.0.1:8000\\\\\\/callback\\\\\\/tripay\\\",\\\"return_url\\\":null,\\\"amount\\\":23000,\\\"fee_merchant\\\":1000,\\\"fee_customer\\\":0,\\\"total_fee\\\":1000,\\\"amount_received\\\":22000,\\\"pay_code\\\":null,\\\"pay_url\\\":\\\"https:\\\\\\/\\\\\\/tripay.co.id\\\\\\/checkout\\\\\\/DEV-T40989248658HIYSC\\\",\\\"checkout_url\\\":\\\"https:\\\\\\/\\\\\\/tripay.co.id\\\\\\/checkout\\\\\\/DEV-T40989248658HIYSC\\\",\\\"status\\\":\\\"UNPAID\\\",\\\"expired_time\\\":1750501274,\\\"order_items\\\":[{\\\"sku\\\":\\\"DMSNASI-GORENG-TELOR234\\\",\\\"name\\\":\\\"Nasi goreng telor\\\",\\\"price\\\":15000,\\\"quantity\\\":1,\\\"subtotal\\\":15000,\\\"product_url\\\":null,\\\"image_url\\\":null},{\\\"sku\\\":\\\"DMSES-JERUK944\\\",\\\"name\\\":\\\"Es Jeruk\\\",\\\"price\\\":6000,\\\"quantity\\\":1,\\\"subtotal\\\":6000,\\\"product_url\\\":null,\\\"image_url\\\":null},{\\\"sku\\\":\\\"TAX10\\\",\\\"name\\\":\\\"Pajak 10%\\\",\\\"price\\\":2000,\\\"quantity\\\":1,\\\"subtotal\\\":2000,\\\"product_url\\\":null,\\\"image_url\\\":null}],\\\"instructions\\\":[{\\\"title\\\":\\\"Pembayaran via ShopeePay\\\",\\\"steps\\\":[\\\"Klik tombol Lanjutkan Pembayaran\\\",\\\"Anda akan dialihkan ke aplikasi Shopee\\\",\\\"Akan muncul detail transaksi. Pastikan data transaksi sudah sesuai\\\",\\\"Klik tombol <b>Bayar<\\\\\\/b> dan masukkan <b>PIN<\\\\\\/b>\\\",\\\"Transaksi selesai. Simpan bukti pembayaran Anda\\\"]}]}}\"',NULL,'2025-06-21 09:51:15','2025-06-21 09:51:15'),(8,14,'order-14','SHOPEEPAY',23000.00,1000.00,0.00,1000.00,'Feri','Feri@gmail.com','085717504909','[{\"sku\":\"DMSNASI-GORENG-TELOR234\",\"name\":\"Nasi goreng telor\",\"price\":\"15000.00\",\"quantity\":1},{\"sku\":\"DMSES-JERUK944\",\"name\":\"Es Jeruk\",\"price\":\"6000.00\",\"quantity\":1},{\"sku\":\"TAX10\",\"name\":\"Pajak 10%\",\"price\":2000,\"quantity\":1}]','http://127.0.0.1:8000/callback/tripay',NULL,'https://tripay.co.id/checkout/DEV-T40989248659XAEL2',1750501275,'04c622ae7f534ff2e40822e69ddb405ec49c6a7f6985dd98cb84c4aed5845780','UNPAID',22000.00,'\"{\\\"success\\\":true,\\\"message\\\":\\\"\\\",\\\"data\\\":{\\\"reference\\\":\\\"DEV-T40989248659XAEL2\\\",\\\"merchant_ref\\\":\\\"order-14\\\",\\\"payment_selection_type\\\":\\\"static\\\",\\\"payment_method\\\":\\\"SHOPEEPAY\\\",\\\"payment_name\\\":\\\"ShopeePay\\\",\\\"customer_name\\\":\\\"Feri\\\",\\\"customer_email\\\":\\\"Feri@gmail.com\\\",\\\"customer_phone\\\":\\\"085717504909\\\",\\\"callback_url\\\":\\\"http:\\\\\\/\\\\\\/127.0.0.1:8000\\\\\\/callback\\\\\\/tripay\\\",\\\"return_url\\\":null,\\\"amount\\\":23000,\\\"fee_merchant\\\":1000,\\\"fee_customer\\\":0,\\\"total_fee\\\":1000,\\\"amount_received\\\":22000,\\\"pay_code\\\":null,\\\"pay_url\\\":\\\"https:\\\\\\/\\\\\\/tripay.co.id\\\\\\/checkout\\\\\\/DEV-T40989248659XAEL2\\\",\\\"checkout_url\\\":\\\"https:\\\\\\/\\\\\\/tripay.co.id\\\\\\/checkout\\\\\\/DEV-T40989248659XAEL2\\\",\\\"status\\\":\\\"UNPAID\\\",\\\"expired_time\\\":1750501275,\\\"order_items\\\":[{\\\"sku\\\":\\\"DMSNASI-GORENG-TELOR234\\\",\\\"name\\\":\\\"Nasi goreng telor\\\",\\\"price\\\":15000,\\\"quantity\\\":1,\\\"subtotal\\\":15000,\\\"product_url\\\":null,\\\"image_url\\\":null},{\\\"sku\\\":\\\"DMSES-JERUK944\\\",\\\"name\\\":\\\"Es Jeruk\\\",\\\"price\\\":6000,\\\"quantity\\\":1,\\\"subtotal\\\":6000,\\\"product_url\\\":null,\\\"image_url\\\":null},{\\\"sku\\\":\\\"TAX10\\\",\\\"name\\\":\\\"Pajak 10%\\\",\\\"price\\\":2000,\\\"quantity\\\":1,\\\"subtotal\\\":2000,\\\"product_url\\\":null,\\\"image_url\\\":null}],\\\"instructions\\\":[{\\\"title\\\":\\\"Pembayaran via ShopeePay\\\",\\\"steps\\\":[\\\"Klik tombol Lanjutkan Pembayaran\\\",\\\"Anda akan dialihkan ke aplikasi Shopee\\\",\\\"Akan muncul detail transaksi. Pastikan data transaksi sudah sesuai\\\",\\\"Klik tombol <b>Bayar<\\\\\\/b> dan masukkan <b>PIN<\\\\\\/b>\\\",\\\"Transaksi selesai. Simpan bukti pembayaran Anda\\\"]}]}}\"',NULL,'2025-06-21 09:51:16','2025-06-21 09:51:16'),(9,15,'order-15','SHOPEEPAY',23000.00,1000.00,0.00,1000.00,'Fer','Feri@gmail.com','085717504909','[{\"sku\":\"DMSNASI-GORENG-TELOR234\",\"name\":\"Nasi goreng telor\",\"price\":\"15000.00\",\"quantity\":1},{\"sku\":\"DMSES-KUWUT-MELON405\",\"name\":\"Es Kuwut Melon\",\"price\":\"6000.00\",\"quantity\":1},{\"sku\":\"TAX10\",\"name\":\"Pajak 10%\",\"price\":2000,\"quantity\":1}]','http://127.0.0.1:8000/callback/tripay',NULL,'https://tripay.co.id/checkout/DEV-T40989248663N99JS',1750501680,'6d933700e6ffc3b244598bb92d524418ce14af7490fb949696428e15c533a1ba','UNPAID',22000.00,'\"{\\\"success\\\":true,\\\"message\\\":\\\"\\\",\\\"data\\\":{\\\"reference\\\":\\\"DEV-T40989248663N99JS\\\",\\\"merchant_ref\\\":\\\"order-15\\\",\\\"payment_selection_type\\\":\\\"static\\\",\\\"payment_method\\\":\\\"SHOPEEPAY\\\",\\\"payment_name\\\":\\\"ShopeePay\\\",\\\"customer_name\\\":\\\"Fer\\\",\\\"customer_email\\\":\\\"Feri@gmail.com\\\",\\\"customer_phone\\\":\\\"085717504909\\\",\\\"callback_url\\\":\\\"http:\\\\\\/\\\\\\/127.0.0.1:8000\\\\\\/callback\\\\\\/tripay\\\",\\\"return_url\\\":null,\\\"amount\\\":23000,\\\"fee_merchant\\\":1000,\\\"fee_customer\\\":0,\\\"total_fee\\\":1000,\\\"amount_received\\\":22000,\\\"pay_code\\\":null,\\\"pay_url\\\":\\\"https:\\\\\\/\\\\\\/tripay.co.id\\\\\\/checkout\\\\\\/DEV-T40989248663N99JS\\\",\\\"checkout_url\\\":\\\"https:\\\\\\/\\\\\\/tripay.co.id\\\\\\/checkout\\\\\\/DEV-T40989248663N99JS\\\",\\\"status\\\":\\\"UNPAID\\\",\\\"expired_time\\\":1750501680,\\\"order_items\\\":[{\\\"sku\\\":\\\"DMSNASI-GORENG-TELOR234\\\",\\\"name\\\":\\\"Nasi goreng telor\\\",\\\"price\\\":15000,\\\"quantity\\\":1,\\\"subtotal\\\":15000,\\\"product_url\\\":null,\\\"image_url\\\":null},{\\\"sku\\\":\\\"DMSES-KUWUT-MELON405\\\",\\\"name\\\":\\\"Es Kuwut Melon\\\",\\\"price\\\":6000,\\\"quantity\\\":1,\\\"subtotal\\\":6000,\\\"product_url\\\":null,\\\"image_url\\\":null},{\\\"sku\\\":\\\"TAX10\\\",\\\"name\\\":\\\"Pajak 10%\\\",\\\"price\\\":2000,\\\"quantity\\\":1,\\\"subtotal\\\":2000,\\\"product_url\\\":null,\\\"image_url\\\":null}],\\\"instructions\\\":[{\\\"title\\\":\\\"Pembayaran via ShopeePay\\\",\\\"steps\\\":[\\\"Klik tombol Lanjutkan Pembayaran\\\",\\\"Anda akan dialihkan ke aplikasi Shopee\\\",\\\"Akan muncul detail transaksi. Pastikan data transaksi sudah sesuai\\\",\\\"Klik tombol <b>Bayar<\\\\\\/b> dan masukkan <b>PIN<\\\\\\/b>\\\",\\\"Transaksi selesai. Simpan bukti pembayaran Anda\\\"]}]}}\"',NULL,'2025-06-21 09:58:01','2025-06-21 09:58:01'),(10,16,'order-16','SHOPEEPAY',23000.00,1000.00,0.00,1000.00,'Fer','Feri@gmail.com','085717504909','[{\"sku\":\"DMSNASI-GORENG-TELOR234\",\"name\":\"Nasi goreng telor\",\"price\":\"15000.00\",\"quantity\":1},{\"sku\":\"DMSES-KUWUT-MELON405\",\"name\":\"Es Kuwut Melon\",\"price\":\"6000.00\",\"quantity\":1},{\"sku\":\"TAX10\",\"name\":\"Pajak 10%\",\"price\":2000,\"quantity\":1}]','http://127.0.0.1:8000/callback/tripay',NULL,'https://tripay.co.id/checkout/DEV-T40989248844IRSIU',1750564827,'9f3a72b41f0ded1a4b5adcddb7b8e7dc76ec7de4f60e444756445450c290472a','UNPAID',22000.00,'\"{\\\"success\\\":true,\\\"message\\\":\\\"\\\",\\\"data\\\":{\\\"reference\\\":\\\"DEV-T40989248844IRSIU\\\",\\\"merchant_ref\\\":\\\"order-16\\\",\\\"payment_selection_type\\\":\\\"static\\\",\\\"payment_method\\\":\\\"SHOPEEPAY\\\",\\\"payment_name\\\":\\\"ShopeePay\\\",\\\"customer_name\\\":\\\"Fer\\\",\\\"customer_email\\\":\\\"Feri@gmail.com\\\",\\\"customer_phone\\\":\\\"085717504909\\\",\\\"callback_url\\\":\\\"http:\\\\\\/\\\\\\/127.0.0.1:8000\\\\\\/callback\\\\\\/tripay\\\",\\\"return_url\\\":null,\\\"amount\\\":23000,\\\"fee_merchant\\\":1000,\\\"fee_customer\\\":0,\\\"total_fee\\\":1000,\\\"amount_received\\\":22000,\\\"pay_code\\\":null,\\\"pay_url\\\":\\\"https:\\\\\\/\\\\\\/tripay.co.id\\\\\\/checkout\\\\\\/DEV-T40989248844IRSIU\\\",\\\"checkout_url\\\":\\\"https:\\\\\\/\\\\\\/tripay.co.id\\\\\\/checkout\\\\\\/DEV-T40989248844IRSIU\\\",\\\"status\\\":\\\"UNPAID\\\",\\\"expired_time\\\":1750564827,\\\"order_items\\\":[{\\\"sku\\\":\\\"DMSNASI-GORENG-TELOR234\\\",\\\"name\\\":\\\"Nasi goreng telor\\\",\\\"price\\\":15000,\\\"quantity\\\":1,\\\"subtotal\\\":15000,\\\"product_url\\\":null,\\\"image_url\\\":null},{\\\"sku\\\":\\\"DMSES-KUWUT-MELON405\\\",\\\"name\\\":\\\"Es Kuwut Melon\\\",\\\"price\\\":6000,\\\"quantity\\\":1,\\\"subtotal\\\":6000,\\\"product_url\\\":null,\\\"image_url\\\":null},{\\\"sku\\\":\\\"TAX10\\\",\\\"name\\\":\\\"Pajak 10%\\\",\\\"price\\\":2000,\\\"quantity\\\":1,\\\"subtotal\\\":2000,\\\"product_url\\\":null,\\\"image_url\\\":null}],\\\"instructions\\\":[{\\\"title\\\":\\\"Pembayaran via ShopeePay\\\",\\\"steps\\\":[\\\"Klik tombol Lanjutkan Pembayaran\\\",\\\"Anda akan dialihkan ke aplikasi Shopee\\\",\\\"Akan muncul detail transaksi. Pastikan data transaksi sudah sesuai\\\",\\\"Klik tombol <b>Bayar<\\\\\\/b> dan masukkan <b>PIN<\\\\\\/b>\\\",\\\"Transaksi selesai. Simpan bukti pembayaran Anda\\\"]}]}}\"',NULL,'2025-06-22 03:30:31','2025-06-22 03:30:31'),(11,17,'order-17','SHOPEEPAY',23000.00,1000.00,0.00,1000.00,'Fer','Feri@gmail.com','085717504909','[{\"sku\":\"DMSNASI-GORENG-TELOR234\",\"name\":\"Nasi goreng telor\",\"price\":\"15000.00\",\"quantity\":1},{\"sku\":\"DMSES-KUWUT-MELON405\",\"name\":\"Es Kuwut Melon\",\"price\":\"6000.00\",\"quantity\":1},{\"sku\":\"TAX10\",\"name\":\"Pajak 10%\",\"price\":2000,\"quantity\":1}]','http://127.0.0.1:8000/callback/tripay',NULL,'https://tripay.co.id/checkout/DEV-T40989248846ZOGXT',1750567057,'de8f4d7b888030440ab4d5ab7663dd60ca379248c96fd41f3d0066febbd62652','UNPAID',22000.00,'\"{\\\"success\\\":true,\\\"message\\\":\\\"\\\",\\\"data\\\":{\\\"reference\\\":\\\"DEV-T40989248846ZOGXT\\\",\\\"merchant_ref\\\":\\\"order-17\\\",\\\"payment_selection_type\\\":\\\"static\\\",\\\"payment_method\\\":\\\"SHOPEEPAY\\\",\\\"payment_name\\\":\\\"ShopeePay\\\",\\\"customer_name\\\":\\\"Fer\\\",\\\"customer_email\\\":\\\"Feri@gmail.com\\\",\\\"customer_phone\\\":\\\"085717504909\\\",\\\"callback_url\\\":\\\"http:\\\\\\/\\\\\\/127.0.0.1:8000\\\\\\/callback\\\\\\/tripay\\\",\\\"return_url\\\":null,\\\"amount\\\":23000,\\\"fee_merchant\\\":1000,\\\"fee_customer\\\":0,\\\"total_fee\\\":1000,\\\"amount_received\\\":22000,\\\"pay_code\\\":null,\\\"pay_url\\\":\\\"https:\\\\\\/\\\\\\/tripay.co.id\\\\\\/checkout\\\\\\/DEV-T40989248846ZOGXT\\\",\\\"checkout_url\\\":\\\"https:\\\\\\/\\\\\\/tripay.co.id\\\\\\/checkout\\\\\\/DEV-T40989248846ZOGXT\\\",\\\"status\\\":\\\"UNPAID\\\",\\\"expired_time\\\":1750567057,\\\"order_items\\\":[{\\\"sku\\\":\\\"DMSNASI-GORENG-TELOR234\\\",\\\"name\\\":\\\"Nasi goreng telor\\\",\\\"price\\\":15000,\\\"quantity\\\":1,\\\"subtotal\\\":15000,\\\"product_url\\\":null,\\\"image_url\\\":null},{\\\"sku\\\":\\\"DMSES-KUWUT-MELON405\\\",\\\"name\\\":\\\"Es Kuwut Melon\\\",\\\"price\\\":6000,\\\"quantity\\\":1,\\\"subtotal\\\":6000,\\\"product_url\\\":null,\\\"image_url\\\":null},{\\\"sku\\\":\\\"TAX10\\\",\\\"name\\\":\\\"Pajak 10%\\\",\\\"price\\\":2000,\\\"quantity\\\":1,\\\"subtotal\\\":2000,\\\"product_url\\\":null,\\\"image_url\\\":null}],\\\"instructions\\\":[{\\\"title\\\":\\\"Pembayaran via ShopeePay\\\",\\\"steps\\\":[\\\"Klik tombol Lanjutkan Pembayaran\\\",\\\"Anda akan dialihkan ke aplikasi Shopee\\\",\\\"Akan muncul detail transaksi. Pastikan data transaksi sudah sesuai\\\",\\\"Klik tombol <b>Bayar<\\\\\\/b> dan masukkan <b>PIN<\\\\\\/b>\\\",\\\"Transaksi selesai. Simpan bukti pembayaran Anda\\\"]}]}}\"',NULL,'2025-06-22 04:07:39','2025-06-22 04:07:39'),(12,19,'order-19','SHOPEEPAY',23100.00,1000.00,0.00,1000.00,'dion','dion@gmail.com','085717504909','[{\"sku\":\"DMSNASI-GORENG-TELOR234\",\"name\":\"Nasi goreng telor\",\"price\":\"15000.00\",\"quantity\":1},{\"sku\":\"DMSES-JERUK944\",\"name\":\"Es Jeruk\",\"price\":\"6000.00\",\"quantity\":1},{\"sku\":\"TAX10\",\"name\":\"Pajak 10%\",\"price\":2100,\"quantity\":1}]','http://127.0.0.1:8000/callback/tripay',NULL,'https://tripay.co.id/checkout/DEV-T40989248860BDP98',1750570263,'c2ba1bb79b22df43ab09ea9331f88235193c8ea072ec2450aaee06ca5b3a00cf','UNPAID',22100.00,'\"{\\\"success\\\":true,\\\"message\\\":\\\"\\\",\\\"data\\\":{\\\"reference\\\":\\\"DEV-T40989248860BDP98\\\",\\\"merchant_ref\\\":\\\"order-19\\\",\\\"payment_selection_type\\\":\\\"static\\\",\\\"payment_method\\\":\\\"SHOPEEPAY\\\",\\\"payment_name\\\":\\\"ShopeePay\\\",\\\"customer_name\\\":\\\"dion\\\",\\\"customer_email\\\":\\\"dion@gmail.com\\\",\\\"customer_phone\\\":\\\"085717504909\\\",\\\"callback_url\\\":\\\"http:\\\\\\/\\\\\\/127.0.0.1:8000\\\\\\/callback\\\\\\/tripay\\\",\\\"return_url\\\":null,\\\"amount\\\":23100,\\\"fee_merchant\\\":1000,\\\"fee_customer\\\":0,\\\"total_fee\\\":1000,\\\"amount_received\\\":22100,\\\"pay_code\\\":null,\\\"pay_url\\\":\\\"https:\\\\\\/\\\\\\/tripay.co.id\\\\\\/checkout\\\\\\/DEV-T40989248860BDP98\\\",\\\"checkout_url\\\":\\\"https:\\\\\\/\\\\\\/tripay.co.id\\\\\\/checkout\\\\\\/DEV-T40989248860BDP98\\\",\\\"status\\\":\\\"UNPAID\\\",\\\"expired_time\\\":1750570263,\\\"order_items\\\":[{\\\"sku\\\":\\\"DMSNASI-GORENG-TELOR234\\\",\\\"name\\\":\\\"Nasi goreng telor\\\",\\\"price\\\":15000,\\\"quantity\\\":1,\\\"subtotal\\\":15000,\\\"product_url\\\":null,\\\"image_url\\\":null},{\\\"sku\\\":\\\"DMSES-JERUK944\\\",\\\"name\\\":\\\"Es Jeruk\\\",\\\"price\\\":6000,\\\"quantity\\\":1,\\\"subtotal\\\":6000,\\\"product_url\\\":null,\\\"image_url\\\":null},{\\\"sku\\\":\\\"TAX10\\\",\\\"name\\\":\\\"Pajak 10%\\\",\\\"price\\\":2100,\\\"quantity\\\":1,\\\"subtotal\\\":2100,\\\"product_url\\\":null,\\\"image_url\\\":null}],\\\"instructions\\\":[{\\\"title\\\":\\\"Pembayaran via ShopeePay\\\",\\\"steps\\\":[\\\"Klik tombol Lanjutkan Pembayaran\\\",\\\"Anda akan dialihkan ke aplikasi Shopee\\\",\\\"Akan muncul detail transaksi. Pastikan data transaksi sudah sesuai\\\",\\\"Klik tombol <b>Bayar<\\\\\\/b> dan masukkan <b>PIN<\\\\\\/b>\\\",\\\"Transaksi selesai. Simpan bukti pembayaran Anda\\\"]}]}}\"',NULL,'2025-06-22 05:01:08','2025-06-22 05:01:08'),(13,20,'order-20','SHOPEEPAY',23100.00,1000.00,0.00,1000.00,'dion','dion@gmail.com','085717504909','[{\"sku\":\"DMSNASI-GORENG-TELOR234\",\"name\":\"Nasi goreng telor\",\"price\":\"15000.00\",\"quantity\":1},{\"sku\":\"DMSES-JERUK944\",\"name\":\"Es Jeruk\",\"price\":\"6000.00\",\"quantity\":1},{\"sku\":\"TAX10\",\"name\":\"Pajak 10%\",\"price\":2100,\"quantity\":1}]','http://127.0.0.1:8000/callback/tripay',NULL,'https://tripay.co.id/checkout/DEV-T40989248862ZVPTF',1750570455,'dd567dcb5f59c36661f2699099cffc28733bea56445b106d2dff05b31f3d7445','UNPAID',22100.00,'\"{\\\"success\\\":true,\\\"message\\\":\\\"\\\",\\\"data\\\":{\\\"reference\\\":\\\"DEV-T40989248862ZVPTF\\\",\\\"merchant_ref\\\":\\\"order-20\\\",\\\"payment_selection_type\\\":\\\"static\\\",\\\"payment_method\\\":\\\"SHOPEEPAY\\\",\\\"payment_name\\\":\\\"ShopeePay\\\",\\\"customer_name\\\":\\\"dion\\\",\\\"customer_email\\\":\\\"dion@gmail.com\\\",\\\"customer_phone\\\":\\\"085717504909\\\",\\\"callback_url\\\":\\\"http:\\\\\\/\\\\\\/127.0.0.1:8000\\\\\\/callback\\\\\\/tripay\\\",\\\"return_url\\\":null,\\\"amount\\\":23100,\\\"fee_merchant\\\":1000,\\\"fee_customer\\\":0,\\\"total_fee\\\":1000,\\\"amount_received\\\":22100,\\\"pay_code\\\":null,\\\"pay_url\\\":\\\"https:\\\\\\/\\\\\\/tripay.co.id\\\\\\/checkout\\\\\\/DEV-T40989248862ZVPTF\\\",\\\"checkout_url\\\":\\\"https:\\\\\\/\\\\\\/tripay.co.id\\\\\\/checkout\\\\\\/DEV-T40989248862ZVPTF\\\",\\\"status\\\":\\\"UNPAID\\\",\\\"expired_time\\\":1750570455,\\\"order_items\\\":[{\\\"sku\\\":\\\"DMSNASI-GORENG-TELOR234\\\",\\\"name\\\":\\\"Nasi goreng telor\\\",\\\"price\\\":15000,\\\"quantity\\\":1,\\\"subtotal\\\":15000,\\\"product_url\\\":null,\\\"image_url\\\":null},{\\\"sku\\\":\\\"DMSES-JERUK944\\\",\\\"name\\\":\\\"Es Jeruk\\\",\\\"price\\\":6000,\\\"quantity\\\":1,\\\"subtotal\\\":6000,\\\"product_url\\\":null,\\\"image_url\\\":null},{\\\"sku\\\":\\\"TAX10\\\",\\\"name\\\":\\\"Pajak 10%\\\",\\\"price\\\":2100,\\\"quantity\\\":1,\\\"subtotal\\\":2100,\\\"product_url\\\":null,\\\"image_url\\\":null}],\\\"instructions\\\":[{\\\"title\\\":\\\"Pembayaran via ShopeePay\\\",\\\"steps\\\":[\\\"Klik tombol Lanjutkan Pembayaran\\\",\\\"Anda akan dialihkan ke aplikasi Shopee\\\",\\\"Akan muncul detail transaksi. Pastikan data transaksi sudah sesuai\\\",\\\"Klik tombol <b>Bayar<\\\\\\/b> dan masukkan <b>PIN<\\\\\\/b>\\\",\\\"Transaksi selesai. Simpan bukti pembayaran Anda\\\"]}]}}\"',NULL,'2025-06-22 05:04:16','2025-06-22 05:04:16'),(14,21,'order-21','SHOPEEPAY',23100.00,1000.00,0.00,1000.00,'dion','dion@gmail.com','085717504909','[{\"sku\":\"DMSNASI-GORENG-TELOR234\",\"name\":\"Nasi goreng telor\",\"price\":\"15000.00\",\"quantity\":1},{\"sku\":\"DMSES-JERUK944\",\"name\":\"Es Jeruk\",\"price\":\"6000.00\",\"quantity\":1},{\"sku\":\"TAX10\",\"name\":\"Pajak 10%\",\"price\":2100,\"quantity\":1}]','http://127.0.0.1:8000/callback/tripay',NULL,'https://tripay.co.id/checkout/DEV-T40989248864G5RJO',1750571430,'138aca2cea1c8a0fa18107a1ccf1589a6cbec98e3c8e82f6c1135de21e8b0c79','UNPAID',22100.00,'\"{\\\"success\\\":true,\\\"message\\\":\\\"\\\",\\\"data\\\":{\\\"reference\\\":\\\"DEV-T40989248864G5RJO\\\",\\\"merchant_ref\\\":\\\"order-21\\\",\\\"payment_selection_type\\\":\\\"static\\\",\\\"payment_method\\\":\\\"SHOPEEPAY\\\",\\\"payment_name\\\":\\\"ShopeePay\\\",\\\"customer_name\\\":\\\"dion\\\",\\\"customer_email\\\":\\\"dion@gmail.com\\\",\\\"customer_phone\\\":\\\"085717504909\\\",\\\"callback_url\\\":\\\"http:\\\\\\/\\\\\\/127.0.0.1:8000\\\\\\/callback\\\\\\/tripay\\\",\\\"return_url\\\":null,\\\"amount\\\":23100,\\\"fee_merchant\\\":1000,\\\"fee_customer\\\":0,\\\"total_fee\\\":1000,\\\"amount_received\\\":22100,\\\"pay_code\\\":null,\\\"pay_url\\\":\\\"https:\\\\\\/\\\\\\/tripay.co.id\\\\\\/checkout\\\\\\/DEV-T40989248864G5RJO\\\",\\\"checkout_url\\\":\\\"https:\\\\\\/\\\\\\/tripay.co.id\\\\\\/checkout\\\\\\/DEV-T40989248864G5RJO\\\",\\\"status\\\":\\\"UNPAID\\\",\\\"expired_time\\\":1750571430,\\\"order_items\\\":[{\\\"sku\\\":\\\"DMSNASI-GORENG-TELOR234\\\",\\\"name\\\":\\\"Nasi goreng telor\\\",\\\"price\\\":15000,\\\"quantity\\\":1,\\\"subtotal\\\":15000,\\\"product_url\\\":null,\\\"image_url\\\":null},{\\\"sku\\\":\\\"DMSES-JERUK944\\\",\\\"name\\\":\\\"Es Jeruk\\\",\\\"price\\\":6000,\\\"quantity\\\":1,\\\"subtotal\\\":6000,\\\"product_url\\\":null,\\\"image_url\\\":null},{\\\"sku\\\":\\\"TAX10\\\",\\\"name\\\":\\\"Pajak 10%\\\",\\\"price\\\":2100,\\\"quantity\\\":1,\\\"subtotal\\\":2100,\\\"product_url\\\":null,\\\"image_url\\\":null}],\\\"instructions\\\":[{\\\"title\\\":\\\"Pembayaran via ShopeePay\\\",\\\"steps\\\":[\\\"Klik tombol Lanjutkan Pembayaran\\\",\\\"Anda akan dialihkan ke aplikasi Shopee\\\",\\\"Akan muncul detail transaksi. Pastikan data transaksi sudah sesuai\\\",\\\"Klik tombol <b>Bayar<\\\\\\/b> dan masukkan <b>PIN<\\\\\\/b>\\\",\\\"Transaksi selesai. Simpan bukti pembayaran Anda\\\"]}]}}\"',NULL,'2025-06-22 05:20:31','2025-06-22 05:20:31'),(15,22,'order-22','SHOPEEPAY',23100.00,1000.00,0.00,1000.00,'dion','dion@gmail.com','085717504909','[{\"sku\":\"DMSNASI-GORENG-TELOR234\",\"name\":\"Nasi goreng telor\",\"price\":\"15000.00\",\"quantity\":1},{\"sku\":\"DMSES-JERUK944\",\"name\":\"Es Jeruk\",\"price\":\"6000.00\",\"quantity\":1},{\"sku\":\"TAX10\",\"name\":\"Pajak 10%\",\"price\":2100,\"quantity\":1}]','http://127.0.0.1:8000/callback/tripay',NULL,'https://tripay.co.id/checkout/DEV-T40989248867U0NGG',1750571985,'e17255b3bf36012f6566b3a658c29297b5e35667df4185a013cd6abf2ab2a783','UNPAID',22100.00,'\"{\\\"success\\\":true,\\\"message\\\":\\\"\\\",\\\"data\\\":{\\\"reference\\\":\\\"DEV-T40989248867U0NGG\\\",\\\"merchant_ref\\\":\\\"order-22\\\",\\\"payment_selection_type\\\":\\\"static\\\",\\\"payment_method\\\":\\\"SHOPEEPAY\\\",\\\"payment_name\\\":\\\"ShopeePay\\\",\\\"customer_name\\\":\\\"dion\\\",\\\"customer_email\\\":\\\"dion@gmail.com\\\",\\\"customer_phone\\\":\\\"085717504909\\\",\\\"callback_url\\\":\\\"http:\\\\\\/\\\\\\/127.0.0.1:8000\\\\\\/callback\\\\\\/tripay\\\",\\\"return_url\\\":null,\\\"amount\\\":23100,\\\"fee_merchant\\\":1000,\\\"fee_customer\\\":0,\\\"total_fee\\\":1000,\\\"amount_received\\\":22100,\\\"pay_code\\\":null,\\\"pay_url\\\":\\\"https:\\\\\\/\\\\\\/tripay.co.id\\\\\\/checkout\\\\\\/DEV-T40989248867U0NGG\\\",\\\"checkout_url\\\":\\\"https:\\\\\\/\\\\\\/tripay.co.id\\\\\\/checkout\\\\\\/DEV-T40989248867U0NGG\\\",\\\"status\\\":\\\"UNPAID\\\",\\\"expired_time\\\":1750571985,\\\"order_items\\\":[{\\\"sku\\\":\\\"DMSNASI-GORENG-TELOR234\\\",\\\"name\\\":\\\"Nasi goreng telor\\\",\\\"price\\\":15000,\\\"quantity\\\":1,\\\"subtotal\\\":15000,\\\"product_url\\\":null,\\\"image_url\\\":null},{\\\"sku\\\":\\\"DMSES-JERUK944\\\",\\\"name\\\":\\\"Es Jeruk\\\",\\\"price\\\":6000,\\\"quantity\\\":1,\\\"subtotal\\\":6000,\\\"product_url\\\":null,\\\"image_url\\\":null},{\\\"sku\\\":\\\"TAX10\\\",\\\"name\\\":\\\"Pajak 10%\\\",\\\"price\\\":2100,\\\"quantity\\\":1,\\\"subtotal\\\":2100,\\\"product_url\\\":null,\\\"image_url\\\":null}],\\\"instructions\\\":[{\\\"title\\\":\\\"Pembayaran via ShopeePay\\\",\\\"steps\\\":[\\\"Klik tombol Lanjutkan Pembayaran\\\",\\\"Anda akan dialihkan ke aplikasi Shopee\\\",\\\"Akan muncul detail transaksi. Pastikan data transaksi sudah sesuai\\\",\\\"Klik tombol <b>Bayar<\\\\\\/b> dan masukkan <b>PIN<\\\\\\/b>\\\",\\\"Transaksi selesai. Simpan bukti pembayaran Anda\\\"]}]}}\"',NULL,'2025-06-22 05:29:46','2025-06-22 05:29:46'),(16,24,'order-24','SHOPEEPAY',23100.00,1000.00,0.00,1000.00,'dion','dion@gmail.com','085717504909','[{\"sku\":\"DMSNASI-GORENG-TELOR234\",\"name\":\"Nasi goreng telor\",\"price\":\"15000.00\",\"quantity\":1},{\"sku\":\"DMSES-JERUK944\",\"name\":\"Es Jeruk\",\"price\":\"6000.00\",\"quantity\":1},{\"sku\":\"TAX10\",\"name\":\"Pajak 10%\",\"price\":2100,\"quantity\":1}]','http://127.0.0.1:8000/callback/tripay',NULL,'https://tripay.co.id/checkout/DEV-T40989248869R837V',1750572941,'32f080f80f18e52eee686cec9e044ff0db15fa036b0c4b547b19a0bcc5f13aa4','UNPAID',22100.00,'\"{\\\"success\\\":true,\\\"message\\\":\\\"\\\",\\\"data\\\":{\\\"reference\\\":\\\"DEV-T40989248869R837V\\\",\\\"merchant_ref\\\":\\\"order-24\\\",\\\"payment_selection_type\\\":\\\"static\\\",\\\"payment_method\\\":\\\"SHOPEEPAY\\\",\\\"payment_name\\\":\\\"ShopeePay\\\",\\\"customer_name\\\":\\\"dion\\\",\\\"customer_email\\\":\\\"dion@gmail.com\\\",\\\"customer_phone\\\":\\\"085717504909\\\",\\\"callback_url\\\":\\\"http:\\\\\\/\\\\\\/127.0.0.1:8000\\\\\\/callback\\\\\\/tripay\\\",\\\"return_url\\\":null,\\\"amount\\\":23100,\\\"fee_merchant\\\":1000,\\\"fee_customer\\\":0,\\\"total_fee\\\":1000,\\\"amount_received\\\":22100,\\\"pay_code\\\":null,\\\"pay_url\\\":\\\"https:\\\\\\/\\\\\\/tripay.co.id\\\\\\/checkout\\\\\\/DEV-T40989248869R837V\\\",\\\"checkout_url\\\":\\\"https:\\\\\\/\\\\\\/tripay.co.id\\\\\\/checkout\\\\\\/DEV-T40989248869R837V\\\",\\\"status\\\":\\\"UNPAID\\\",\\\"expired_time\\\":1750572941,\\\"order_items\\\":[{\\\"sku\\\":\\\"DMSNASI-GORENG-TELOR234\\\",\\\"name\\\":\\\"Nasi goreng telor\\\",\\\"price\\\":15000,\\\"quantity\\\":1,\\\"subtotal\\\":15000,\\\"product_url\\\":null,\\\"image_url\\\":null},{\\\"sku\\\":\\\"DMSES-JERUK944\\\",\\\"name\\\":\\\"Es Jeruk\\\",\\\"price\\\":6000,\\\"quantity\\\":1,\\\"subtotal\\\":6000,\\\"product_url\\\":null,\\\"image_url\\\":null},{\\\"sku\\\":\\\"TAX10\\\",\\\"name\\\":\\\"Pajak 10%\\\",\\\"price\\\":2100,\\\"quantity\\\":1,\\\"subtotal\\\":2100,\\\"product_url\\\":null,\\\"image_url\\\":null}],\\\"instructions\\\":[{\\\"title\\\":\\\"Pembayaran via ShopeePay\\\",\\\"steps\\\":[\\\"Klik tombol Lanjutkan Pembayaran\\\",\\\"Anda akan dialihkan ke aplikasi Shopee\\\",\\\"Akan muncul detail transaksi. Pastikan data transaksi sudah sesuai\\\",\\\"Klik tombol <b>Bayar<\\\\\\/b> dan masukkan <b>PIN<\\\\\\/b>\\\",\\\"Transaksi selesai. Simpan bukti pembayaran Anda\\\"]}]}}\"',NULL,'2025-06-22 05:45:43','2025-06-22 05:45:43'),(17,25,'order-25','SHOPEEPAY',23100.00,1000.00,0.00,1000.00,'dion','dion@gmail.com','085717504909','[{\"sku\":\"DMSNASI-GORENG-TELOR234\",\"name\":\"Nasi goreng telor\",\"price\":\"15000.00\",\"quantity\":1},{\"sku\":\"DMSES-JERUK944\",\"name\":\"Es Jeruk\",\"price\":\"6000.00\",\"quantity\":1},{\"sku\":\"TAX10\",\"name\":\"Pajak 10%\",\"price\":2100,\"quantity\":1}]','http://127.0.0.1:8000/callback/tripay',NULL,'https://tripay.co.id/checkout/DEV-T40989248870JMVRH',1750573154,'6e13b7c3a4779eac971c04ab8c9321ee7e03aee4a938398a0fd726708d112016','UNPAID',22100.00,'\"{\\\"success\\\":true,\\\"message\\\":\\\"\\\",\\\"data\\\":{\\\"reference\\\":\\\"DEV-T40989248870JMVRH\\\",\\\"merchant_ref\\\":\\\"order-25\\\",\\\"payment_selection_type\\\":\\\"static\\\",\\\"payment_method\\\":\\\"SHOPEEPAY\\\",\\\"payment_name\\\":\\\"ShopeePay\\\",\\\"customer_name\\\":\\\"dion\\\",\\\"customer_email\\\":\\\"dion@gmail.com\\\",\\\"customer_phone\\\":\\\"085717504909\\\",\\\"callback_url\\\":\\\"http:\\\\\\/\\\\\\/127.0.0.1:8000\\\\\\/callback\\\\\\/tripay\\\",\\\"return_url\\\":null,\\\"amount\\\":23100,\\\"fee_merchant\\\":1000,\\\"fee_customer\\\":0,\\\"total_fee\\\":1000,\\\"amount_received\\\":22100,\\\"pay_code\\\":null,\\\"pay_url\\\":\\\"https:\\\\\\/\\\\\\/tripay.co.id\\\\\\/checkout\\\\\\/DEV-T40989248870JMVRH\\\",\\\"checkout_url\\\":\\\"https:\\\\\\/\\\\\\/tripay.co.id\\\\\\/checkout\\\\\\/DEV-T40989248870JMVRH\\\",\\\"status\\\":\\\"UNPAID\\\",\\\"expired_time\\\":1750573154,\\\"order_items\\\":[{\\\"sku\\\":\\\"DMSNASI-GORENG-TELOR234\\\",\\\"name\\\":\\\"Nasi goreng telor\\\",\\\"price\\\":15000,\\\"quantity\\\":1,\\\"subtotal\\\":15000,\\\"product_url\\\":null,\\\"image_url\\\":null},{\\\"sku\\\":\\\"DMSES-JERUK944\\\",\\\"name\\\":\\\"Es Jeruk\\\",\\\"price\\\":6000,\\\"quantity\\\":1,\\\"subtotal\\\":6000,\\\"product_url\\\":null,\\\"image_url\\\":null},{\\\"sku\\\":\\\"TAX10\\\",\\\"name\\\":\\\"Pajak 10%\\\",\\\"price\\\":2100,\\\"quantity\\\":1,\\\"subtotal\\\":2100,\\\"product_url\\\":null,\\\"image_url\\\":null}],\\\"instructions\\\":[{\\\"title\\\":\\\"Pembayaran via ShopeePay\\\",\\\"steps\\\":[\\\"Klik tombol Lanjutkan Pembayaran\\\",\\\"Anda akan dialihkan ke aplikasi Shopee\\\",\\\"Akan muncul detail transaksi. Pastikan data transaksi sudah sesuai\\\",\\\"Klik tombol <b>Bayar<\\\\\\/b> dan masukkan <b>PIN<\\\\\\/b>\\\",\\\"Transaksi selesai. Simpan bukti pembayaran Anda\\\"]}]}}\"',NULL,'2025-06-22 05:49:17','2025-06-22 05:49:17'),(18,26,'order-26','SHOPEEPAY',16500.00,1000.00,0.00,1000.00,'Muhammad Dimas Fadilah','muhammaddimasfadilla06@gmail.com','087817584136','[{\"sku\":\"DMSNASI-KUNING-TELOR-BULET733\",\"name\":\"Nasi kuning Telor bulet\",\"price\":\"15000.00\",\"quantity\":1},{\"sku\":\"TAX10\",\"name\":\"Pajak 10%\",\"price\":1500,\"quantity\":1}]','http://127.0.0.1:8000/callback/tripay',NULL,'https://tripay.co.id/checkout/DEV-T409892488746PVEM',1750573817,'957a02187bf447402813beebb3d1612c102f00370664f6cbfa72039d5123981f','UNPAID',15500.00,'\"{\\\"success\\\":true,\\\"message\\\":\\\"\\\",\\\"data\\\":{\\\"reference\\\":\\\"DEV-T409892488746PVEM\\\",\\\"merchant_ref\\\":\\\"order-26\\\",\\\"payment_selection_type\\\":\\\"static\\\",\\\"payment_method\\\":\\\"SHOPEEPAY\\\",\\\"payment_name\\\":\\\"ShopeePay\\\",\\\"customer_name\\\":\\\"Muhammad Dimas Fadilah\\\",\\\"customer_email\\\":\\\"muhammaddimasfadilla06@gmail.com\\\",\\\"customer_phone\\\":\\\"087817584136\\\",\\\"callback_url\\\":\\\"http:\\\\\\/\\\\\\/127.0.0.1:8000\\\\\\/callback\\\\\\/tripay\\\",\\\"return_url\\\":null,\\\"amount\\\":16500,\\\"fee_merchant\\\":1000,\\\"fee_customer\\\":0,\\\"total_fee\\\":1000,\\\"amount_received\\\":15500,\\\"pay_code\\\":null,\\\"pay_url\\\":\\\"https:\\\\\\/\\\\\\/tripay.co.id\\\\\\/checkout\\\\\\/DEV-T409892488746PVEM\\\",\\\"checkout_url\\\":\\\"https:\\\\\\/\\\\\\/tripay.co.id\\\\\\/checkout\\\\\\/DEV-T409892488746PVEM\\\",\\\"status\\\":\\\"UNPAID\\\",\\\"expired_time\\\":1750573817,\\\"order_items\\\":[{\\\"sku\\\":\\\"DMSNASI-KUNING-TELOR-BULET733\\\",\\\"name\\\":\\\"Nasi kuning Telor bulet\\\",\\\"price\\\":15000,\\\"quantity\\\":1,\\\"subtotal\\\":15000,\\\"product_url\\\":null,\\\"image_url\\\":null},{\\\"sku\\\":\\\"TAX10\\\",\\\"name\\\":\\\"Pajak 10%\\\",\\\"price\\\":1500,\\\"quantity\\\":1,\\\"subtotal\\\":1500,\\\"product_url\\\":null,\\\"image_url\\\":null}],\\\"instructions\\\":[{\\\"title\\\":\\\"Pembayaran via ShopeePay\\\",\\\"steps\\\":[\\\"Klik tombol Lanjutkan Pembayaran\\\",\\\"Anda akan dialihkan ke aplikasi Shopee\\\",\\\"Akan muncul detail transaksi. Pastikan data transaksi sudah sesuai\\\",\\\"Klik tombol <b>Bayar<\\\\\\/b> dan masukkan <b>PIN<\\\\\\/b>\\\",\\\"Transaksi selesai. Simpan bukti pembayaran Anda\\\"]}]}}\"',NULL,'2025-06-22 06:00:18','2025-06-22 06:00:18'),(19,27,'order-27','QRIS',23100.00,912.00,0.00,912.00,'Muhammad Dimas Fadilah','muhammaddimasfadilla06@gmail.com','087817584136','[{\"sku\":\"DMSES-JERUK944\",\"name\":\"Es Jeruk\",\"price\":\"6000.00\",\"quantity\":1},{\"sku\":\"DMSNASI-KUNING-TELOR-BULET733\",\"name\":\"Nasi kuning Telor bulet\",\"price\":\"15000.00\",\"quantity\":1},{\"sku\":\"TAX10\",\"name\":\"Pajak 10%\",\"price\":2100,\"quantity\":1}]','http://127.0.0.1:8000/callback/tripay',NULL,'https://tripay.co.id/checkout/DEV-T40989248875WCXER',1750574133,'80c9f5d5d925149ef1a42d097c76961980277ff8b17f006ab04ca35367fb2ff8','UNPAID',22188.00,'\"{\\\"success\\\":true,\\\"message\\\":\\\"\\\",\\\"data\\\":{\\\"reference\\\":\\\"DEV-T40989248875WCXER\\\",\\\"merchant_ref\\\":\\\"order-27\\\",\\\"payment_selection_type\\\":\\\"static\\\",\\\"payment_method\\\":\\\"QRIS\\\",\\\"payment_name\\\":\\\"QRIS by ShopeePay\\\",\\\"customer_name\\\":\\\"Muhammad Dimas Fadilah\\\",\\\"customer_email\\\":\\\"muhammaddimasfadilla06@gmail.com\\\",\\\"customer_phone\\\":\\\"087817584136\\\",\\\"callback_url\\\":\\\"http:\\\\\\/\\\\\\/127.0.0.1:8000\\\\\\/callback\\\\\\/tripay\\\",\\\"return_url\\\":null,\\\"amount\\\":23100,\\\"fee_merchant\\\":912,\\\"fee_customer\\\":0,\\\"total_fee\\\":912,\\\"amount_received\\\":22188,\\\"pay_code\\\":null,\\\"pay_url\\\":null,\\\"checkout_url\\\":\\\"https:\\\\\\/\\\\\\/tripay.co.id\\\\\\/checkout\\\\\\/DEV-T40989248875WCXER\\\",\\\"status\\\":\\\"UNPAID\\\",\\\"expired_time\\\":1750574133,\\\"order_items\\\":[{\\\"sku\\\":\\\"DMSES-JERUK944\\\",\\\"name\\\":\\\"Es Jeruk\\\",\\\"price\\\":6000,\\\"quantity\\\":1,\\\"subtotal\\\":6000,\\\"product_url\\\":null,\\\"image_url\\\":null},{\\\"sku\\\":\\\"DMSNASI-KUNING-TELOR-BULET733\\\",\\\"name\\\":\\\"Nasi kuning Telor bulet\\\",\\\"price\\\":15000,\\\"quantity\\\":1,\\\"subtotal\\\":15000,\\\"product_url\\\":null,\\\"image_url\\\":null},{\\\"sku\\\":\\\"TAX10\\\",\\\"name\\\":\\\"Pajak 10%\\\",\\\"price\\\":2100,\\\"quantity\\\":1,\\\"subtotal\\\":2100,\\\"product_url\\\":null,\\\"image_url\\\":null}],\\\"instructions\\\":[{\\\"title\\\":\\\"Pembayaran via QRIS (ShopeePay)\\\",\\\"steps\\\":[\\\"Masuk ke aplikasi dompet digital Anda yang telah mendukung QRIS\\\",\\\"Pindai\\\\\\/Scan QR Code yang tersedia\\\",\\\"Akan muncul detail transaksi. Pastikan data transaksi sudah sesuai\\\",\\\"Selesaikan proses pembayaran Anda\\\",\\\"Transaksi selesai. Simpan bukti pembayaran Anda\\\"]},{\\\"title\\\":\\\"Pembayaran via QRIS (Mobile)\\\",\\\"steps\\\":[\\\"Download QR Code pada invoice\\\",\\\"Masuk ke aplikasi dompet digital Anda yang telah mendukung QRIS\\\",\\\"Upload QR Code yang telah di download tadi\\\",\\\"Akan muncul detail transaksi. Pastikan data transaksi sudah sesuai\\\",\\\"Selesaikan proses pembayaran Anda\\\",\\\"Transaksi selesai. Simpan bukti pembayaran Anda\\\"]}],\\\"qr_string\\\":\\\"SANDBOX MODE\\\",\\\"qr_url\\\":\\\"https:\\\\\\/\\\\\\/tripay.co.id\\\\\\/qr\\\\\\/DEV-T40989248875WCXER\\\"}}\"',NULL,'2025-06-22 06:05:34','2025-06-22 06:05:34'),(20,30,'order-30','SHOPEEPAY',23100.00,1000.00,0.00,1000.00,'Muhammad Dimas Fadilah','muhammaddimasfadilla06@gmail.com','0870770808','[{\"sku\":\"DMSNASI-GORENG-TELOR234\",\"name\":\"Nasi goreng telor\",\"price\":\"15000.00\",\"quantity\":1},{\"sku\":\"DMSES-KUWUT-MELON405\",\"name\":\"Es Kuwut Melon\",\"price\":\"6000.00\",\"quantity\":1},{\"sku\":\"TAX10\",\"name\":\"Pajak 10%\",\"price\":2100,\"quantity\":1}]','http://127.0.0.1:8000/callback/tripay',NULL,'https://tripay.co.id/checkout/DEV-T40989248876TZEV4',1750575186,'dbd56084931a3b56e91213acaa3a5961fd49fb43e20897aba07aef8f73766dfc','UNPAID',22100.00,'\"{\\\"success\\\":true,\\\"message\\\":\\\"\\\",\\\"data\\\":{\\\"reference\\\":\\\"DEV-T40989248876TZEV4\\\",\\\"merchant_ref\\\":\\\"order-30\\\",\\\"payment_selection_type\\\":\\\"static\\\",\\\"payment_method\\\":\\\"SHOPEEPAY\\\",\\\"payment_name\\\":\\\"ShopeePay\\\",\\\"customer_name\\\":\\\"Muhammad Dimas Fadilah\\\",\\\"customer_email\\\":\\\"muhammaddimasfadilla06@gmail.com\\\",\\\"customer_phone\\\":\\\"0870770808\\\",\\\"callback_url\\\":\\\"http:\\\\\\/\\\\\\/127.0.0.1:8000\\\\\\/callback\\\\\\/tripay\\\",\\\"return_url\\\":null,\\\"amount\\\":23100,\\\"fee_merchant\\\":1000,\\\"fee_customer\\\":0,\\\"total_fee\\\":1000,\\\"amount_received\\\":22100,\\\"pay_code\\\":null,\\\"pay_url\\\":\\\"https:\\\\\\/\\\\\\/tripay.co.id\\\\\\/checkout\\\\\\/DEV-T40989248876TZEV4\\\",\\\"checkout_url\\\":\\\"https:\\\\\\/\\\\\\/tripay.co.id\\\\\\/checkout\\\\\\/DEV-T40989248876TZEV4\\\",\\\"status\\\":\\\"UNPAID\\\",\\\"expired_time\\\":1750575186,\\\"order_items\\\":[{\\\"sku\\\":\\\"DMSNASI-GORENG-TELOR234\\\",\\\"name\\\":\\\"Nasi goreng telor\\\",\\\"price\\\":15000,\\\"quantity\\\":1,\\\"subtotal\\\":15000,\\\"product_url\\\":null,\\\"image_url\\\":null},{\\\"sku\\\":\\\"DMSES-KUWUT-MELON405\\\",\\\"name\\\":\\\"Es Kuwut Melon\\\",\\\"price\\\":6000,\\\"quantity\\\":1,\\\"subtotal\\\":6000,\\\"product_url\\\":null,\\\"image_url\\\":null},{\\\"sku\\\":\\\"TAX10\\\",\\\"name\\\":\\\"Pajak 10%\\\",\\\"price\\\":2100,\\\"quantity\\\":1,\\\"subtotal\\\":2100,\\\"product_url\\\":null,\\\"image_url\\\":null}],\\\"instructions\\\":[{\\\"title\\\":\\\"Pembayaran via ShopeePay\\\",\\\"steps\\\":[\\\"Klik tombol Lanjutkan Pembayaran\\\",\\\"Anda akan dialihkan ke aplikasi Shopee\\\",\\\"Akan muncul detail transaksi. Pastikan data transaksi sudah sesuai\\\",\\\"Klik tombol <b>Bayar<\\\\\\/b> dan masukkan <b>PIN<\\\\\\/b>\\\",\\\"Transaksi selesai. Simpan bukti pembayaran Anda\\\"]}]}}\"',NULL,'2025-06-22 06:23:07','2025-06-22 06:23:07'),(21,31,'order-31','QRIS',16500.00,866.00,0.00,866.00,'Muhammad Dimas Fadilah','muhammaddimasfadilla06@gmail.com','0870770808','[{\"sku\":\"DMSNASI-GORENG-TELOR234\",\"name\":\"Nasi goreng telor\",\"price\":\"15000.00\",\"quantity\":1},{\"sku\":\"TAX10\",\"name\":\"Pajak 10%\",\"price\":1500,\"quantity\":1}]','http://127.0.0.1:8000/callback/tripay',NULL,'https://tripay.co.id/checkout/DEV-T40989248878AFKOM',1750576590,'e95676afc098742c82ced298a4f399e57eb0cd323f1a81292f1764c7622fe91f','UNPAID',15634.00,'\"{\\\"success\\\":true,\\\"message\\\":\\\"\\\",\\\"data\\\":{\\\"reference\\\":\\\"DEV-T40989248878AFKOM\\\",\\\"merchant_ref\\\":\\\"order-31\\\",\\\"payment_selection_type\\\":\\\"static\\\",\\\"payment_method\\\":\\\"QRIS\\\",\\\"payment_name\\\":\\\"QRIS by ShopeePay\\\",\\\"customer_name\\\":\\\"Muhammad Dimas Fadilah\\\",\\\"customer_email\\\":\\\"muhammaddimasfadilla06@gmail.com\\\",\\\"customer_phone\\\":\\\"0870770808\\\",\\\"callback_url\\\":\\\"http:\\\\\\/\\\\\\/127.0.0.1:8000\\\\\\/callback\\\\\\/tripay\\\",\\\"return_url\\\":null,\\\"amount\\\":16500,\\\"fee_merchant\\\":866,\\\"fee_customer\\\":0,\\\"total_fee\\\":866,\\\"amount_received\\\":15634,\\\"pay_code\\\":null,\\\"pay_url\\\":null,\\\"checkout_url\\\":\\\"https:\\\\\\/\\\\\\/tripay.co.id\\\\\\/checkout\\\\\\/DEV-T40989248878AFKOM\\\",\\\"status\\\":\\\"UNPAID\\\",\\\"expired_time\\\":1750576590,\\\"order_items\\\":[{\\\"sku\\\":\\\"DMSNASI-GORENG-TELOR234\\\",\\\"name\\\":\\\"Nasi goreng telor\\\",\\\"price\\\":15000,\\\"quantity\\\":1,\\\"subtotal\\\":15000,\\\"product_url\\\":null,\\\"image_url\\\":null},{\\\"sku\\\":\\\"TAX10\\\",\\\"name\\\":\\\"Pajak 10%\\\",\\\"price\\\":1500,\\\"quantity\\\":1,\\\"subtotal\\\":1500,\\\"product_url\\\":null,\\\"image_url\\\":null}],\\\"instructions\\\":[{\\\"title\\\":\\\"Pembayaran via QRIS (ShopeePay)\\\",\\\"steps\\\":[\\\"Masuk ke aplikasi dompet digital Anda yang telah mendukung QRIS\\\",\\\"Pindai\\\\\\/Scan QR Code yang tersedia\\\",\\\"Akan muncul detail transaksi. Pastikan data transaksi sudah sesuai\\\",\\\"Selesaikan proses pembayaran Anda\\\",\\\"Transaksi selesai. Simpan bukti pembayaran Anda\\\"]},{\\\"title\\\":\\\"Pembayaran via QRIS (Mobile)\\\",\\\"steps\\\":[\\\"Download QR Code pada invoice\\\",\\\"Masuk ke aplikasi dompet digital Anda yang telah mendukung QRIS\\\",\\\"Upload QR Code yang telah di download tadi\\\",\\\"Akan muncul detail transaksi. Pastikan data transaksi sudah sesuai\\\",\\\"Selesaikan proses pembayaran Anda\\\",\\\"Transaksi selesai. Simpan bukti pembayaran Anda\\\"]}],\\\"qr_string\\\":\\\"SANDBOX MODE\\\",\\\"qr_url\\\":\\\"https:\\\\\\/\\\\\\/tripay.co.id\\\\\\/qr\\\\\\/DEV-T40989248878AFKOM\\\"}}\"',NULL,'2025-06-22 06:46:31','2025-06-22 06:46:31'),(22,32,'order-32','SHOPEEPAY',33000.00,1000.00,0.00,1000.00,'dimas fadil','fadil@gmail.com','085717504909','[{\"sku\":\"DMSNASI-GORENG-TELOR234\",\"name\":\"Nasi goreng telor\",\"price\":\"15000.00\",\"quantity\":1},{\"sku\":\"DMSNASI-KUNING-KOMPLIT653\",\"name\":\"Nasi kuning Komplit\",\"price\":\"15000.00\",\"quantity\":1},{\"sku\":\"TAX10\",\"name\":\"Pajak 10%\",\"price\":3000,\"quantity\":1}]','http://127.0.0.1:8000/callback/tripay',NULL,'https://tripay.co.id/checkout/DEV-T40989249145MN02F',1750634826,'6193dae65b614979c5994cb2b2086fbc986a2ee1244bae6a2357081e9c952184','UNPAID',32000.00,'\"{\\\"success\\\":true,\\\"message\\\":\\\"\\\",\\\"data\\\":{\\\"reference\\\":\\\"DEV-T40989249145MN02F\\\",\\\"merchant_ref\\\":\\\"order-32\\\",\\\"payment_selection_type\\\":\\\"static\\\",\\\"payment_method\\\":\\\"SHOPEEPAY\\\",\\\"payment_name\\\":\\\"ShopeePay\\\",\\\"customer_name\\\":\\\"dimas fadil\\\",\\\"customer_email\\\":\\\"fadil@gmail.com\\\",\\\"customer_phone\\\":\\\"085717504909\\\",\\\"callback_url\\\":\\\"http:\\\\\\/\\\\\\/127.0.0.1:8000\\\\\\/callback\\\\\\/tripay\\\",\\\"return_url\\\":null,\\\"amount\\\":33000,\\\"fee_merchant\\\":1000,\\\"fee_customer\\\":0,\\\"total_fee\\\":1000,\\\"amount_received\\\":32000,\\\"pay_code\\\":null,\\\"pay_url\\\":\\\"https:\\\\\\/\\\\\\/tripay.co.id\\\\\\/checkout\\\\\\/DEV-T40989249145MN02F\\\",\\\"checkout_url\\\":\\\"https:\\\\\\/\\\\\\/tripay.co.id\\\\\\/checkout\\\\\\/DEV-T40989249145MN02F\\\",\\\"status\\\":\\\"UNPAID\\\",\\\"expired_time\\\":1750634826,\\\"order_items\\\":[{\\\"sku\\\":\\\"DMSNASI-GORENG-TELOR234\\\",\\\"name\\\":\\\"Nasi goreng telor\\\",\\\"price\\\":15000,\\\"quantity\\\":1,\\\"subtotal\\\":15000,\\\"product_url\\\":null,\\\"image_url\\\":null},{\\\"sku\\\":\\\"DMSNASI-KUNING-KOMPLIT653\\\",\\\"name\\\":\\\"Nasi kuning Komplit\\\",\\\"price\\\":15000,\\\"quantity\\\":1,\\\"subtotal\\\":15000,\\\"product_url\\\":null,\\\"image_url\\\":null},{\\\"sku\\\":\\\"TAX10\\\",\\\"name\\\":\\\"Pajak 10%\\\",\\\"price\\\":3000,\\\"quantity\\\":1,\\\"subtotal\\\":3000,\\\"product_url\\\":null,\\\"image_url\\\":null}],\\\"instructions\\\":[{\\\"title\\\":\\\"Pembayaran via ShopeePay\\\",\\\"steps\\\":[\\\"Klik tombol Lanjutkan Pembayaran\\\",\\\"Anda akan dialihkan ke aplikasi Shopee\\\",\\\"Akan muncul detail transaksi. Pastikan data transaksi sudah sesuai\\\",\\\"Klik tombol <b>Bayar<\\\\\\/b> dan masukkan <b>PIN<\\\\\\/b>\\\",\\\"Transaksi selesai. Simpan bukti pembayaran Anda\\\"]}]}}\"',NULL,'2025-06-22 22:57:06','2025-06-22 22:57:06'),(23,33,'order-33','SHOPEEPAY',16500.00,1000.00,0.00,1000.00,'dimas fadil','fadil@gmail.com','085717504909','[{\"sku\":\"DMSNASI-GORENG-TELOR234\",\"name\":\"Nasi goreng telor\",\"price\":\"15000.00\",\"quantity\":1},{\"sku\":\"TAX10\",\"name\":\"Pajak 10%\",\"price\":1500,\"quantity\":1}]','http://127.0.0.1:8000/callback/tripay',NULL,'https://tripay.co.id/checkout/DEV-T409892491476VWXW',1750635971,'9a782665a2e40e86a37df580124f626bf8aa9ff6ecb5ae26e05bd65b8eb26116','UNPAID',15500.00,'\"{\\\"success\\\":true,\\\"message\\\":\\\"\\\",\\\"data\\\":{\\\"reference\\\":\\\"DEV-T409892491476VWXW\\\",\\\"merchant_ref\\\":\\\"order-33\\\",\\\"payment_selection_type\\\":\\\"static\\\",\\\"payment_method\\\":\\\"SHOPEEPAY\\\",\\\"payment_name\\\":\\\"ShopeePay\\\",\\\"customer_name\\\":\\\"dimas fadil\\\",\\\"customer_email\\\":\\\"fadil@gmail.com\\\",\\\"customer_phone\\\":\\\"085717504909\\\",\\\"callback_url\\\":\\\"http:\\\\\\/\\\\\\/127.0.0.1:8000\\\\\\/callback\\\\\\/tripay\\\",\\\"return_url\\\":null,\\\"amount\\\":16500,\\\"fee_merchant\\\":1000,\\\"fee_customer\\\":0,\\\"total_fee\\\":1000,\\\"amount_received\\\":15500,\\\"pay_code\\\":null,\\\"pay_url\\\":\\\"https:\\\\\\/\\\\\\/tripay.co.id\\\\\\/checkout\\\\\\/DEV-T409892491476VWXW\\\",\\\"checkout_url\\\":\\\"https:\\\\\\/\\\\\\/tripay.co.id\\\\\\/checkout\\\\\\/DEV-T409892491476VWXW\\\",\\\"status\\\":\\\"UNPAID\\\",\\\"expired_time\\\":1750635971,\\\"order_items\\\":[{\\\"sku\\\":\\\"DMSNASI-GORENG-TELOR234\\\",\\\"name\\\":\\\"Nasi goreng telor\\\",\\\"price\\\":15000,\\\"quantity\\\":1,\\\"subtotal\\\":15000,\\\"product_url\\\":null,\\\"image_url\\\":null},{\\\"sku\\\":\\\"TAX10\\\",\\\"name\\\":\\\"Pajak 10%\\\",\\\"price\\\":1500,\\\"quantity\\\":1,\\\"subtotal\\\":1500,\\\"product_url\\\":null,\\\"image_url\\\":null}],\\\"instructions\\\":[{\\\"title\\\":\\\"Pembayaran via ShopeePay\\\",\\\"steps\\\":[\\\"Klik tombol Lanjutkan Pembayaran\\\",\\\"Anda akan dialihkan ke aplikasi Shopee\\\",\\\"Akan muncul detail transaksi. Pastikan data transaksi sudah sesuai\\\",\\\"Klik tombol <b>Bayar<\\\\\\/b> dan masukkan <b>PIN<\\\\\\/b>\\\",\\\"Transaksi selesai. Simpan bukti pembayaran Anda\\\"]}]}}\"',NULL,'2025-06-22 23:16:11','2025-06-22 23:16:11'),(24,34,'order-34','SHOPEEPAY',38000.00,1140.00,0.00,1140.00,'Muhammad Dimas Fadilah','muhammaddimasfadilla06@gmail.com','0870770808','[{\"sku\":\"DMSNASI-KUNING-AYAM546\",\"name\":\"Nasi kuning Ayam\",\"price\":\"15000.00\",\"quantity\":1},{\"sku\":\"DMSNASI-KUNING-KOMPLIT653\",\"name\":\"Nasi kuning Komplit\",\"price\":\"15000.00\",\"quantity\":1},{\"sku\":\"DMSES-JERUK944\",\"name\":\"Es Jeruk\",\"price\":\"6000.00\",\"quantity\":1},{\"sku\":\"TAX10\",\"name\":\"Pajak 10%\",\"price\":2000,\"quantity\":1}]','http://127.0.0.1:8000/callback/tripay',NULL,'https://tripay.co.id/checkout/DEV-T40989249216QV7KO',1750650363,'abc5764c4a21138b5f2b23d6b088aef1fefff30c4c9bb248ba5d12259b27c022','UNPAID',36860.00,'\"{\\\"success\\\":true,\\\"message\\\":\\\"\\\",\\\"data\\\":{\\\"reference\\\":\\\"DEV-T40989249216QV7KO\\\",\\\"merchant_ref\\\":\\\"order-34\\\",\\\"payment_selection_type\\\":\\\"static\\\",\\\"payment_method\\\":\\\"SHOPEEPAY\\\",\\\"payment_name\\\":\\\"ShopeePay\\\",\\\"customer_name\\\":\\\"Muhammad Dimas Fadilah\\\",\\\"customer_email\\\":\\\"muhammaddimasfadilla06@gmail.com\\\",\\\"customer_phone\\\":\\\"0870770808\\\",\\\"callback_url\\\":\\\"http:\\\\\\/\\\\\\/127.0.0.1:8000\\\\\\/callback\\\\\\/tripay\\\",\\\"return_url\\\":null,\\\"amount\\\":38000,\\\"fee_merchant\\\":1140,\\\"fee_customer\\\":0,\\\"total_fee\\\":1140,\\\"amount_received\\\":36860,\\\"pay_code\\\":null,\\\"pay_url\\\":\\\"https:\\\\\\/\\\\\\/tripay.co.id\\\\\\/checkout\\\\\\/DEV-T40989249216QV7KO\\\",\\\"checkout_url\\\":\\\"https:\\\\\\/\\\\\\/tripay.co.id\\\\\\/checkout\\\\\\/DEV-T40989249216QV7KO\\\",\\\"status\\\":\\\"UNPAID\\\",\\\"expired_time\\\":1750650363,\\\"order_items\\\":[{\\\"sku\\\":\\\"DMSNASI-KUNING-AYAM546\\\",\\\"name\\\":\\\"Nasi kuning Ayam\\\",\\\"price\\\":15000,\\\"quantity\\\":1,\\\"subtotal\\\":15000,\\\"product_url\\\":null,\\\"image_url\\\":null},{\\\"sku\\\":\\\"DMSNASI-KUNING-KOMPLIT653\\\",\\\"name\\\":\\\"Nasi kuning Komplit\\\",\\\"price\\\":15000,\\\"quantity\\\":1,\\\"subtotal\\\":15000,\\\"product_url\\\":null,\\\"image_url\\\":null},{\\\"sku\\\":\\\"DMSES-JERUK944\\\",\\\"name\\\":\\\"Es Jeruk\\\",\\\"price\\\":6000,\\\"quantity\\\":1,\\\"subtotal\\\":6000,\\\"product_url\\\":null,\\\"image_url\\\":null},{\\\"sku\\\":\\\"TAX10\\\",\\\"name\\\":\\\"Pajak 10%\\\",\\\"price\\\":2000,\\\"quantity\\\":1,\\\"subtotal\\\":2000,\\\"product_url\\\":null,\\\"image_url\\\":null}],\\\"instructions\\\":[{\\\"title\\\":\\\"Pembayaran via ShopeePay\\\",\\\"steps\\\":[\\\"Klik tombol Lanjutkan Pembayaran\\\",\\\"Anda akan dialihkan ke aplikasi Shopee\\\",\\\"Akan muncul detail transaksi. Pastikan data transaksi sudah sesuai\\\",\\\"Klik tombol <b>Bayar<\\\\\\/b> dan masukkan <b>PIN<\\\\\\/b>\\\",\\\"Transaksi selesai. Simpan bukti pembayaran Anda\\\"]}]}}\"',NULL,'2025-06-23 03:16:06','2025-06-23 03:16:06'),(25,35,'order-35','QRIS',17000.00,869.00,0.00,869.00,'Muhammad Dimas Fadilah','muhammaddimasfadilla06@gmail.com','0870770808','[{\"sku\":\"DMSNASI-GORENG-TELOR234\",\"name\":\"Nasi goreng telor\",\"price\":\"15000.00\",\"quantity\":1},{\"sku\":\"TAX10\",\"name\":\"Pajak 10%\",\"price\":2000,\"quantity\":1}]','http://127.0.0.1:8000/callback/tripay',NULL,'https://tripay.co.id/checkout/DEV-T40989249231127MY',1750653642,'eb3a53efe7880e2cf79e9aaabfaa5b44be8ae2dece9b543eb435b8b92418c5e7','UNPAID',16131.00,'\"{\\\"success\\\":true,\\\"message\\\":\\\"\\\",\\\"data\\\":{\\\"reference\\\":\\\"DEV-T40989249231127MY\\\",\\\"merchant_ref\\\":\\\"order-35\\\",\\\"payment_selection_type\\\":\\\"static\\\",\\\"payment_method\\\":\\\"QRIS\\\",\\\"payment_name\\\":\\\"QRIS by ShopeePay\\\",\\\"customer_name\\\":\\\"Muhammad Dimas Fadilah\\\",\\\"customer_email\\\":\\\"muhammaddimasfadilla06@gmail.com\\\",\\\"customer_phone\\\":\\\"0870770808\\\",\\\"callback_url\\\":\\\"http:\\\\\\/\\\\\\/127.0.0.1:8000\\\\\\/callback\\\\\\/tripay\\\",\\\"return_url\\\":null,\\\"amount\\\":17000,\\\"fee_merchant\\\":869,\\\"fee_customer\\\":0,\\\"total_fee\\\":869,\\\"amount_received\\\":16131,\\\"pay_code\\\":null,\\\"pay_url\\\":null,\\\"checkout_url\\\":\\\"https:\\\\\\/\\\\\\/tripay.co.id\\\\\\/checkout\\\\\\/DEV-T40989249231127MY\\\",\\\"status\\\":\\\"UNPAID\\\",\\\"expired_time\\\":1750653642,\\\"order_items\\\":[{\\\"sku\\\":\\\"DMSNASI-GORENG-TELOR234\\\",\\\"name\\\":\\\"Nasi goreng telor\\\",\\\"price\\\":15000,\\\"quantity\\\":1,\\\"subtotal\\\":15000,\\\"product_url\\\":null,\\\"image_url\\\":null},{\\\"sku\\\":\\\"TAX10\\\",\\\"name\\\":\\\"Pajak 10%\\\",\\\"price\\\":2000,\\\"quantity\\\":1,\\\"subtotal\\\":2000,\\\"product_url\\\":null,\\\"image_url\\\":null}],\\\"instructions\\\":[{\\\"title\\\":\\\"Pembayaran via QRIS (ShopeePay)\\\",\\\"steps\\\":[\\\"Masuk ke aplikasi dompet digital Anda yang telah mendukung QRIS\\\",\\\"Pindai\\\\\\/Scan QR Code yang tersedia\\\",\\\"Akan muncul detail transaksi. Pastikan data transaksi sudah sesuai\\\",\\\"Selesaikan proses pembayaran Anda\\\",\\\"Transaksi selesai. Simpan bukti pembayaran Anda\\\"]},{\\\"title\\\":\\\"Pembayaran via QRIS (Mobile)\\\",\\\"steps\\\":[\\\"Download QR Code pada invoice\\\",\\\"Masuk ke aplikasi dompet digital Anda yang telah mendukung QRIS\\\",\\\"Upload QR Code yang telah di download tadi\\\",\\\"Akan muncul detail transaksi. Pastikan data transaksi sudah sesuai\\\",\\\"Selesaikan proses pembayaran Anda\\\",\\\"Transaksi selesai. Simpan bukti pembayaran Anda\\\"]}],\\\"qr_string\\\":\\\"SANDBOX MODE\\\",\\\"qr_url\\\":\\\"https:\\\\\\/\\\\\\/tripay.co.id\\\\\\/qr\\\\\\/DEV-T40989249231127MY\\\"}}\"',NULL,'2025-06-23 04:10:43','2025-06-23 04:10:43'),(26,36,'order-36','QRIS',17000.00,869.00,0.00,869.00,'Muhammad Dimas Fadilla','111202113925@mhs.dinus.ac.id','085717504973','[{\"sku\":\"DMSNASI-GORENG-TELOR234\",\"name\":\"Nasi goreng telor\",\"price\":\"15000.00\",\"quantity\":1},{\"sku\":\"TAX10\",\"name\":\"Pajak 10%\",\"price\":2000,\"quantity\":1}]','http://127.0.0.1:8000/callback/tripay',NULL,'https://tripay.co.id/checkout/DEV-T40989249232WTVR8',1750653988,'510586ab11e0e854c8d9e05bf65e5fd5c06b13520b8e9d09b3235122948913a1','UNPAID',16131.00,'\"{\\\"success\\\":true,\\\"message\\\":\\\"\\\",\\\"data\\\":{\\\"reference\\\":\\\"DEV-T40989249232WTVR8\\\",\\\"merchant_ref\\\":\\\"order-36\\\",\\\"payment_selection_type\\\":\\\"static\\\",\\\"payment_method\\\":\\\"QRIS\\\",\\\"payment_name\\\":\\\"QRIS by ShopeePay\\\",\\\"customer_name\\\":\\\"Muhammad Dimas Fadilla\\\",\\\"customer_email\\\":\\\"111202113925@mhs.dinus.ac.id\\\",\\\"customer_phone\\\":\\\"085717504973\\\",\\\"callback_url\\\":\\\"http:\\\\\\/\\\\\\/127.0.0.1:8000\\\\\\/callback\\\\\\/tripay\\\",\\\"return_url\\\":null,\\\"amount\\\":17000,\\\"fee_merchant\\\":869,\\\"fee_customer\\\":0,\\\"total_fee\\\":869,\\\"amount_received\\\":16131,\\\"pay_code\\\":null,\\\"pay_url\\\":null,\\\"checkout_url\\\":\\\"https:\\\\\\/\\\\\\/tripay.co.id\\\\\\/checkout\\\\\\/DEV-T40989249232WTVR8\\\",\\\"status\\\":\\\"UNPAID\\\",\\\"expired_time\\\":1750653988,\\\"order_items\\\":[{\\\"sku\\\":\\\"DMSNASI-GORENG-TELOR234\\\",\\\"name\\\":\\\"Nasi goreng telor\\\",\\\"price\\\":15000,\\\"quantity\\\":1,\\\"subtotal\\\":15000,\\\"product_url\\\":null,\\\"image_url\\\":null},{\\\"sku\\\":\\\"TAX10\\\",\\\"name\\\":\\\"Pajak 10%\\\",\\\"price\\\":2000,\\\"quantity\\\":1,\\\"subtotal\\\":2000,\\\"product_url\\\":null,\\\"image_url\\\":null}],\\\"instructions\\\":[{\\\"title\\\":\\\"Pembayaran via QRIS (ShopeePay)\\\",\\\"steps\\\":[\\\"Masuk ke aplikasi dompet digital Anda yang telah mendukung QRIS\\\",\\\"Pindai\\\\\\/Scan QR Code yang tersedia\\\",\\\"Akan muncul detail transaksi. Pastikan data transaksi sudah sesuai\\\",\\\"Selesaikan proses pembayaran Anda\\\",\\\"Transaksi selesai. Simpan bukti pembayaran Anda\\\"]},{\\\"title\\\":\\\"Pembayaran via QRIS (Mobile)\\\",\\\"steps\\\":[\\\"Download QR Code pada invoice\\\",\\\"Masuk ke aplikasi dompet digital Anda yang telah mendukung QRIS\\\",\\\"Upload QR Code yang telah di download tadi\\\",\\\"Akan muncul detail transaksi. Pastikan data transaksi sudah sesuai\\\",\\\"Selesaikan proses pembayaran Anda\\\",\\\"Transaksi selesai. Simpan bukti pembayaran Anda\\\"]}],\\\"qr_string\\\":\\\"SANDBOX MODE\\\",\\\"qr_url\\\":\\\"https:\\\\\\/\\\\\\/tripay.co.id\\\\\\/qr\\\\\\/DEV-T40989249232WTVR8\\\"}}\"',NULL,'2025-06-23 04:16:32','2025-06-23 04:16:32'),(27,76,'order-76','CIMBVA',16500.00,4250.00,0.00,4250.00,'sdvs','a@gmail.com','089135154','[{\"menu_id\":1,\"sku\":\"DMSNASI-GORENG-TELOR234\",\"name\":\"Nasi goreng telor\",\"price\":\"15000.00\",\"quantity\":1},{\"sku\":\"TAX10\",\"name\":\"Pajak 10%\",\"price\":1500,\"quantity\":1}]',NULL,NULL,'https://tripay.co.id/checkout/DEV-T40989251381UKFUB',1751123890,'8c0f0f8c82b3776eccc16415b8033c4503c9e818acd1329ea5a2d4ecd33460ac','UNPAID',12250.00,'\"{\\\"success\\\":true,\\\"message\\\":\\\"\\\",\\\"data\\\":{\\\"reference\\\":\\\"DEV-T40989251381UKFUB\\\",\\\"merchant_ref\\\":\\\"order-76\\\",\\\"payment_selection_type\\\":\\\"static\\\",\\\"payment_method\\\":\\\"CIMBVA\\\",\\\"payment_name\\\":\\\"CIMB Niaga Virtual Account\\\",\\\"customer_name\\\":\\\"sdvs\\\",\\\"customer_email\\\":\\\"a@gmail.com\\\",\\\"customer_phone\\\":\\\"089135154\\\",\\\"callback_url\\\":\\\"http:\\\\\\/\\\\\\/127.0.0.1:8000\\\\\\/callback\\\\\\/tripay\\\",\\\"return_url\\\":null,\\\"amount\\\":16500,\\\"fee_merchant\\\":4250,\\\"fee_customer\\\":0,\\\"total_fee\\\":4250,\\\"amount_received\\\":12250,\\\"pay_code\\\":\\\"935178925969460\\\",\\\"pay_url\\\":null,\\\"checkout_url\\\":\\\"https:\\\\\\/\\\\\\/tripay.co.id\\\\\\/checkout\\\\\\/DEV-T40989251381UKFUB\\\",\\\"status\\\":\\\"UNPAID\\\",\\\"expired_time\\\":1751123890,\\\"order_items\\\":[{\\\"sku\\\":\\\"DMSNASI-GORENG-TELOR234\\\",\\\"name\\\":\\\"Nasi goreng telor\\\",\\\"price\\\":15000,\\\"quantity\\\":1,\\\"subtotal\\\":15000,\\\"product_url\\\":null,\\\"image_url\\\":null},{\\\"sku\\\":\\\"TAX10\\\",\\\"name\\\":\\\"Pajak 10%\\\",\\\"price\\\":1500,\\\"quantity\\\":1,\\\"subtotal\\\":1500,\\\"product_url\\\":null,\\\"image_url\\\":null}],\\\"instructions\\\":[{\\\"title\\\":\\\"Internet Banking\\\",\\\"steps\\\":[\\\"Login ke CIMB clicks\\\",\\\"Pilih menu <b>Bayar Tagihan\\\\\\/Pay Bills<\\\\\\/b>\\\",\\\"Pilih <b>Rekening Sumber\\\\\\/Source Account<\\\\\\/b> dan jenis Pembayaran\\\\\\/Payment Type > Virtual Account\\\",\\\"Masukkan Nomor VA (<b>935178925969460<\\\\\\/b>)\\\",\\\"Nomor, nama virtual account dan jumlah billing ditampilkan pada layar\\\",\\\"Masukkan 6 digit mPIN dan tekan tombol <b>Submit<\\\\\\/b>\\\",\\\"Konfirmasi pembayaran ditampilkan pada layar\\\"]},{\\\"title\\\":\\\"Mobile Banking\\\",\\\"steps\\\":[\\\"Login ke Go Mobile\\\",\\\"Pilih menu <b>Transfer<\\\\\\/b>\\\",\\\"Pilih Transfer <b>to Other CIMB Niaga Account<\\\\\\/b>\\\",\\\"Pilih rekening sumber Anda\\\",\\\"Pilih CASA dan masukkan Nomor VA (<b>935178925969460<\\\\\\/b>)\\\",\\\"Masukkan Nominal (<b>16500<\\\\\\/b>)\\\",\\\"Masukkan Mobile Banking PIN\\\",\\\"konfirmasi pembayaran ditampilkan pada layar\\\"]},{\\\"title\\\":\\\"ATM CIMB\\\",\\\"steps\\\":[\\\"Masukkan Kartu ATM dan PIN CIMB Toppers\\\",\\\"Pilih menu <b>Pembayaran > Lanjut > Virtual Account<\\\\\\/b>\\\",\\\"Masukkan Nomor VA (<b>935178925969460<\\\\\\/b>)\\\",\\\"Pilih rekening debit\\\",\\\"Nomor, nama virtual account dan jumlah billing ditampilkan pada layar\\\",\\\"Pilih <b>OK<\\\\\\/b> untuk melakukan pembayaran\\\",\\\"Konfirmasi pembayaran ditampilkan pada layar\\\"]}]}}\"',NULL,'2025-06-28 14:48:11','2025-06-28 14:48:11'),(28,83,'order-83','INDOMARET',16500.00,3500.00,0.00,3500.00,'a','a@gmail.com','089135154','[{\"menu_id\":1,\"sku\":\"DMSNASI-GORENG-TELOR234\",\"name\":\"Nasi goreng telor\",\"price\":\"15000.00\",\"quantity\":1},{\"sku\":\"TAX10\",\"name\":\"Pajak 10%\",\"price\":1500,\"quantity\":1}]',NULL,NULL,'https://tripay.co.id/checkout/DEV-T40989251532VQC8K',1751173940,'8bcd686e9f649882287305bb16ddaf4ce38536595df59c0ee8f0762db3494a91','UNPAID',13000.00,'\"{\\\"success\\\":true,\\\"message\\\":\\\"\\\",\\\"data\\\":{\\\"reference\\\":\\\"DEV-T40989251532VQC8K\\\",\\\"merchant_ref\\\":\\\"order-83\\\",\\\"payment_selection_type\\\":\\\"static\\\",\\\"payment_method\\\":\\\"INDOMARET\\\",\\\"payment_name\\\":\\\"Indomaret\\\",\\\"customer_name\\\":\\\"a\\\",\\\"customer_email\\\":\\\"a@gmail.com\\\",\\\"customer_phone\\\":\\\"089135154\\\",\\\"callback_url\\\":\\\"http:\\\\\\/\\\\\\/127.0.0.1:8000\\\\\\/callback\\\\\\/tripay\\\",\\\"return_url\\\":null,\\\"amount\\\":16500,\\\"fee_merchant\\\":3500,\\\"fee_customer\\\":0,\\\"total_fee\\\":3500,\\\"amount_received\\\":13000,\\\"pay_code\\\":\\\"833145787296080\\\",\\\"pay_url\\\":null,\\\"checkout_url\\\":\\\"https:\\\\\\/\\\\\\/tripay.co.id\\\\\\/checkout\\\\\\/DEV-T40989251532VQC8K\\\",\\\"status\\\":\\\"UNPAID\\\",\\\"expired_time\\\":1751173940,\\\"order_items\\\":[{\\\"sku\\\":\\\"DMSNASI-GORENG-TELOR234\\\",\\\"name\\\":\\\"Nasi goreng telor\\\",\\\"price\\\":15000,\\\"quantity\\\":1,\\\"subtotal\\\":15000,\\\"product_url\\\":null,\\\"image_url\\\":null},{\\\"sku\\\":\\\"TAX10\\\",\\\"name\\\":\\\"Pajak 10%\\\",\\\"price\\\":1500,\\\"quantity\\\":1,\\\"subtotal\\\":1500,\\\"product_url\\\":null,\\\"image_url\\\":null}],\\\"instructions\\\":[{\\\"title\\\":\\\"Pembayaran via INDOMARET\\\",\\\"steps\\\":[\\\"Datang ke gerai Indomaret\\\",\\\"Sampaikan ke kasir ingin melakukan pembayaran aplikasi <b>Linkita<\\\\\\/b>\\\",\\\"Berikan kode bayar (<b>833145787296080<\\\\\\/b>) ke kasir\\\",\\\"Bayar sesuai jumlah yang diinfokan oleh kasir\\\",\\\"Simpan struk bukti pembayaran Anda\\\"]}]}}\"',NULL,'2025-06-29 04:42:21','2025-06-29 04:42:21');

/*Table structure for table `personal_access_tokens` */

CREATE TABLE `personal_access_tokens` (
  `id` bigint unsigned NOT NULL AUTO_INCREMENT,
  `tokenable_type` varchar(255) COLLATE utf8mb4_unicode_ci NOT NULL,
  `tokenable_id` bigint unsigned NOT NULL,
  `name` varchar(255) COLLATE utf8mb4_unicode_ci NOT NULL,
  `token` varchar(64) COLLATE utf8mb4_unicode_ci NOT NULL,
  `abilities` text COLLATE utf8mb4_unicode_ci,
  `last_used_at` timestamp NULL DEFAULT NULL,
  `expires_at` timestamp NULL DEFAULT NULL,
  `created_at` timestamp NULL DEFAULT NULL,
  `updated_at` timestamp NULL DEFAULT NULL,
  PRIMARY KEY (`id`),
  UNIQUE KEY `personal_access_tokens_token_unique` (`token`),
  KEY `personal_access_tokens_tokenable_type_tokenable_id_index` (`tokenable_type`,`tokenable_id`)
) ENGINE=InnoDB DEFAULT CHARSET=utf8mb4 COLLATE=utf8mb4_unicode_ci;

/*Data for the table `personal_access_tokens` */

/*Table structure for table `reservations` */

CREATE TABLE `reservations` (
  `id` bigint unsigned NOT NULL AUTO_INCREMENT,
  `first_name` varchar(255) COLLATE utf8mb4_unicode_ci NOT NULL,
  `last_name` varchar(255) COLLATE utf8mb4_unicode_ci NOT NULL,
  `email` varchar(255) COLLATE utf8mb4_unicode_ci NOT NULL,
  `tel_number` varchar(255) COLLATE utf8mb4_unicode_ci NOT NULL,
  `res_date` datetime NOT NULL,
  `table_id` bigint unsigned NOT NULL,
  `guest_number` int NOT NULL,
  `status` varchar(255) COLLATE utf8mb4_unicode_ci NOT NULL DEFAULT 'pending',
  `created_at` timestamp NULL DEFAULT NULL,
  `updated_at` timestamp NULL DEFAULT NULL,
  PRIMARY KEY (`id`)
) ENGINE=InnoDB AUTO_INCREMENT=6 DEFAULT CHARSET=utf8mb4 COLLATE=utf8mb4_unicode_ci;

/*Data for the table `reservations` */

insert  into `reservations`(`id`,`first_name`,`last_name`,`email`,`tel_number`,`res_date`,`table_id`,`guest_number`,`status`,`created_at`,`updated_at`) values (1,'Muhammad','Fadilah','muhammaddimasfadilla06@gmail.com','087817584136','2025-06-21 20:51:00',2,2,'pending','2025-06-21 06:52:40','2025-06-21 06:52:40'),(2,'Muhammad','Fadilah','muhammaddimasfadilla06@gmail.com','087817584136','2025-06-24 20:08:00',1,2,'pending','2025-06-24 13:26:08','2025-06-24 13:26:08'),(3,'Muhammad','Fadilah','muhammaddimasfadilla06@gmail.com','085717504973','2025-06-25 20:00:00',1,2,'pending','2025-06-24 21:06:52','2025-06-24 21:06:52'),(4,'Muhammad','Fadilah','muhammaddimasfadilla06@gmail.com','085717504973','2025-06-25 20:00:00',1,2,'pending','2025-06-24 21:18:04','2025-06-24 21:18:04'),(5,'Muhammad','Fadilah','muhammaddimasfadilla06@gmail.com','085717504973','2025-06-25 20:00:00',1,2,'pending','2025-06-24 21:22:39','2025-06-24 21:22:39');

/*Table structure for table `tables` */

CREATE TABLE `tables` (
  `id` bigint unsigned NOT NULL AUTO_INCREMENT,
  `name` varchar(255) COLLATE utf8mb4_unicode_ci NOT NULL,
  `guest_number` int NOT NULL,
  `status` varchar(255) COLLATE utf8mb4_unicode_ci NOT NULL DEFAULT 'available',
  `location` varchar(255) COLLATE utf8mb4_unicode_ci NOT NULL,
  `created_at` timestamp NULL DEFAULT NULL,
  `updated_at` timestamp NULL DEFAULT NULL,
  PRIMARY KEY (`id`)
) ENGINE=InnoDB AUTO_INCREMENT=11 DEFAULT CHARSET=utf8mb4 COLLATE=utf8mb4_unicode_ci;

/*Data for the table `tables` */

insert  into `tables`(`id`,`name`,`guest_number`,`status`,`location`,`created_at`,`updated_at`) values (1,'Meja 1',2,'available','inside','2025-06-20 07:17:16','2025-06-20 07:17:16'),(2,'Meja 2',2,'available','inside','2025-06-20 07:17:41','2025-06-20 07:17:41'),(3,'Meja 3',4,'available','inside','2025-06-20 07:18:09','2025-06-20 07:18:09'),(4,'Meja 4',4,'available','inside','2025-06-20 07:18:34','2025-06-20 07:18:34'),(5,'Meja 5',4,'available','outside','2025-06-20 07:18:56','2025-06-20 07:18:56'),(6,'Meja 6',4,'available','outside','2025-06-20 07:19:12','2025-06-20 07:19:42'),(7,'Meja 7',4,'available','outside','2025-06-20 07:19:30','2025-06-20 07:19:30'),(8,'Meja 8',2,'available','outside','2025-06-20 07:20:02','2025-06-20 07:20:02'),(9,'Meja 9',2,'available','outside','2025-06-20 07:20:20','2025-06-20 07:20:20'),(10,'Meja 10',2,'available','outside','2025-06-20 07:20:39','2025-06-20 07:20:39');

/*Table structure for table `user_menu_rekomendasis` */

CREATE TABLE `user_menu_rekomendasis` (
  `id` bigint unsigned NOT NULL AUTO_INCREMENT,
  `user_id` bigint unsigned NOT NULL,
  `menu_id` bigint unsigned NOT NULL,
  `rating` int DEFAULT NULL,
  `created_at` timestamp NULL DEFAULT NULL,
  `updated_at` timestamp NULL DEFAULT NULL,
  PRIMARY KEY (`id`)
) ENGINE=InnoDB DEFAULT CHARSET=utf8mb4 COLLATE=utf8mb4_unicode_ci;

/*Data for the table `user_menu_rekomendasis` */

/*Table structure for table `users` */

CREATE TABLE `users` (
  `id` bigint unsigned NOT NULL AUTO_INCREMENT,
  `name` varchar(255) COLLATE utf8mb4_unicode_ci NOT NULL,
  `email` varchar(255) COLLATE utf8mb4_unicode_ci NOT NULL,
  `email_verified_at` timestamp NULL DEFAULT NULL,
  `password` varchar(255) COLLATE utf8mb4_unicode_ci NOT NULL,
  `is_admin` tinyint(1) NOT NULL DEFAULT '0',
  `remember_token` varchar(100) COLLATE utf8mb4_unicode_ci DEFAULT NULL,
  `created_at` timestamp NULL DEFAULT NULL,
  `updated_at` timestamp NULL DEFAULT NULL,
  PRIMARY KEY (`id`),
  UNIQUE KEY `users_email_unique` (`email`)
) ENGINE=InnoDB AUTO_INCREMENT=8 DEFAULT CHARSET=utf8mb4 COLLATE=utf8mb4_unicode_ci;

/*Data for the table `users` */

insert  into `users`(`id`,`name`,`email`,`email_verified_at`,`password`,`is_admin`,`remember_token`,`created_at`,`updated_at`) values (3,'Admin','admin@gmail.com','2025-06-20 12:47:03','$2y$10$8Ag13x4V1ItXczV1UWfgVONRsR6KEeCl5vMPgALV7whqZZtJe0wcy',1,'tZ7euR18rl','2025-06-20 12:47:03','2025-06-20 12:47:03'),(7,'admin','admin@example.com',NULL,'$2y$10$GTO5v1Ah4C5qPVBkWmmI9ut1ApzJJYUQ8O4ermGalEV3jcjex0lJ.',1,NULL,'2025-06-20 13:06:28','2025-06-20 13:06:28');

/*!40101 SET SQL_MODE=@OLD_SQL_MODE */;
/*!40014 SET FOREIGN_KEY_CHECKS=@OLD_FOREIGN_KEY_CHECKS */;
/*!40014 SET UNIQUE_CHECKS=@OLD_UNIQUE_CHECKS */;
/*!40111 SET SQL_NOTES=@OLD_SQL_NOTES */;
